system,kind,parameter_count,initial_count,output,save_count,max_abs,max_rel
two_level,rabi_narrow,4,2,full,7,2.727523540357879e-09,2.727523540357879e-09
two_level,rabi_narrow,4,2,populations,7,2.727523540357879e-09,2.727523540357879e-09
two_level,rabi_narrow,4,2,coherences,7,1.9347502766553504e-09,1.9347502766553504e-09
two_level,rabi_narrow,4,2,population_reconstruction,7,1.5257390906242563e-09,1.5257390906242563e-09
two_level,rabi_narrow,4,2,weighted_integral,7,6.460167401023398e-10,6.460167401023398e-10
r0,rabi_narrow,4,4,full,7,7.621985424758592e-08,7.621985424758592e-08
r0,rabi_narrow,4,4,populations,7,4.962497574610471e-08,4.962497574610471e-08
r0,rabi_narrow,4,4,coherences,7,7.621985424758592e-08,7.621985424758592e-08
r0,rabi_narrow,4,4,population_reconstruction,7,3.196653048204149e-08,3.196653048204149e-08
r0,rabi_narrow,4,4,weighted_integral,7,7.064381479793269e-08,3.78807359453019e-08
r0,rabi_broad,4,4,full,7,8.841457292393994e-08,8.841457292393994e-08
r0,rabi_broad,4,4,populations,7,8.841457292393994e-08,8.841457292393994e-08
r0,rabi_broad,4,4,coherences,7,7.014890930447214e-08,7.014890930447214e-08
r0,rabi_broad,4,4,population_reconstruction,7,9.579157681657103e-08,9.579157681657103e-08
r0,rabi_broad,4,4,weighted_integral,7,2.6546072229294282e-08,1.4234576079768491e-08
r0,explicit_coherence,4,1,full,7,8.961022894796391e-08,8.961022894796391e-08
r2_compact,rabi_narrow,4,4,full,7,4.1229103921160345e-07,4.1229103921160345e-07
r2_compact,rabi_narrow,4,4,populations,7,3.961144563399688e-11,3.961144563399688e-11
r2_compact,rabi_narrow,4,4,coherences,7,4.1229103921160345e-07,4.1229103921160345e-07
r2_compact,rabi_narrow,4,4,population_reconstruction,7,4.5027529558438795e-07,4.5027529558438795e-07
r2_compact,rabi_narrow,4,4,weighted_integral,7,1.1527723220439157e-12,9.354299959974957e-13
r2_full,rabi_narrow,1,1,full,7,0.0,0.0
r2_full,rabi_narrow,1,1,populations,7,0.0,0.0
r2_full,rabi_narrow,1,1,coherences,7,0.0,0.0
r2_full,rabi_narrow,1,1,weighted_integral,7,0.0,0.0
q1_velocity_envelope,velocity_dynamic,4,4,full,7,8.444618185267885e-08,8.444618185267885e-08
q1_velocity_envelope,velocity_dynamic,4,4,populations,7,4.7883252918268226e-11,4.7883252918268226e-11
q1_velocity_envelope,velocity_dynamic,4,4,coherences,7,8.444618185267885e-08,8.444618185267885e-08
q1_velocity_envelope,velocity_dynamic,4,4,population_reconstruction,7,1.0667676421566303e-07,1.0667676421566303e-07
q1_velocity_envelope,velocity_dynamic,4,4,weighted_integral,7,5.324712892829098e-12,5.324712892829098e-12
r0,rabi_detuning,4,4,full,7,6.811793981775088e-07,6.811793981775088e-07
r0,rabi_detuning,4,4,populations,7,1.7401403117392987e-08,1.7401403117392987e-08
r0,rabi_detuning,4,4,coherences,7,6.811793981775088e-07,6.811793981775088e-07
r0,rabi_detuning,4,4,population_reconstruction,7,5.152933126467175e-07,5.152933126467175e-07
r0,rabi_detuning,4,4,weighted_integral,7,1.869567028967012e-09,1.869567028967012e-09
q1_velocity_envelope,rabi_velocity_dynamic,4,4,full,7,1.1798841365000231e-07,1.1798841365000231e-07
q1_velocity_envelope,rabi_velocity_dynamic,4,4,populations,7,4.79436775969212e-12,4.79436775969212e-12
q1_velocity_envelope,rabi_velocity_dynamic,4,4,coherences,7,1.1798841365000231e-07,1.1798841365000231e-07
q1_velocity_envelope,rabi_velocity_dynamic,4,4,population_reconstruction,7,9.708938025999711e-08,9.708938025999711e-08
q1_velocity_envelope,rabi_velocity_dynamic,4,4,weighted_integral,7,4.5381753910334055e-13,4.5381753910334055e-13
r0,explicit_coherence,4,2,full,7,8.961023248479069e-08,8.961023248479069e-08
