system,kind,parameter_count,initial_count,max_abs_vs_capped
q1_velocity_envelope,velocity_dynamic,8,1,0.29752726493593346
q1_velocity_envelope,velocity_dynamic,1,1,7.031346432016545e-13
q1_velocity_envelope,velocity_dynamic,1,4,7.031357646732767e-13
q1_velocity_envelope,velocity_dynamic,1,8,7.031357646732767e-13
q1_velocity_envelope,velocity_dynamic,1,12,7.031357646732767e-13
q1_velocity_envelope,velocity_dynamic,4,1,7.031346432016545e-13
q1_velocity_envelope,velocity_dynamic,4,4,7.031357646732767e-13
q1_velocity_envelope,velocity_dynamic,4,8,7.031357646732767e-13
q1_velocity_envelope,velocity_dynamic,4,12,7.031357646732767e-13
q1_velocity_envelope,velocity_dynamic,8,1,0.29752726493593346
q1_velocity_envelope,velocity_dynamic,8,4,0.29752726619759723
q1_velocity_envelope,velocity_dynamic,8,8,0.29752726619759723
q1_velocity_envelope,velocity_dynamic,8,12,0.29752726619759723
q1_velocity_envelope,velocity_dynamic,16,1,0.29584718359453677
q1_velocity_envelope,velocity_dynamic,16,4,0.29584718504573
q1_velocity_envelope,velocity_dynamic,16,8,0.29584718504573
q1_velocity_envelope,velocity_dynamic,16,12,0.29584718504573
q1_velocity_envelope,velocity_dynamic,32,1,0.29793757538088167
q1_velocity_envelope,velocity_dynamic,32,4,0.2979375765956252
q1_velocity_envelope,velocity_dynamic,32,8,0.2979375765956252
q1_velocity_envelope,velocity_dynamic,32,12,0.2979375765956252
q1_velocity_envelope,velocity_dynamic,64,1,0.29752726493593346
q1_velocity_envelope,velocity_dynamic,64,4,0.29752726619759723
q1_velocity_envelope,velocity_dynamic,64,8,0.29752726619759723
q1_velocity_envelope,velocity_dynamic,64,12,0.29752726619759723
q1_velocity_envelope,velocity_dynamic,128,1,0.2987334248810071
q1_velocity_envelope,velocity_dynamic,128,4,0.2987334260040336
q1_velocity_envelope,velocity_dynamic,128,8,0.2987334260040336
q1_velocity_envelope,velocity_dynamic,128,12,0.2987334260040336
q1_velocity_envelope,velocity_straggler_dynamic,1,1,5.551115123125783e-16
q1_velocity_envelope,velocity_straggler_dynamic,1,4,1.9984014443252818e-15
q1_velocity_envelope,velocity_straggler_dynamic,1,8,1.734723475976807e-14
q1_velocity_envelope,velocity_straggler_dynamic,1,12,1.734723475976807e-14
q1_velocity_envelope,velocity_straggler_dynamic,4,1,2.3647750424515834e-14
q1_velocity_envelope,velocity_straggler_dynamic,4,4,2.5202062658991053e-14
q1_velocity_envelope,velocity_straggler_dynamic,4,8,2.5202062658991053e-14
q1_velocity_envelope,velocity_straggler_dynamic,4,12,1.0210582379599487e-13
q1_velocity_envelope,velocity_straggler_dynamic,8,1,2.3647750424515834e-14
q1_velocity_envelope,velocity_straggler_dynamic,8,4,2.5202062658991053e-14
q1_velocity_envelope,velocity_straggler_dynamic,8,8,2.5202062658991053e-14
q1_velocity_envelope,velocity_straggler_dynamic,8,12,1.0210582379599487e-13
q1_velocity_envelope,velocity_straggler_dynamic,16,1,2.3647750424515834e-14
q1_velocity_envelope,velocity_straggler_dynamic,16,4,2.5202062658991053e-14
q1_velocity_envelope,velocity_straggler_dynamic,16,8,2.5202062658991053e-14
q1_velocity_envelope,velocity_straggler_dynamic,16,12,1.0210582379599487e-13
q1_velocity_envelope,velocity_straggler_dynamic,32,1,2.3647750424515834e-14
q1_velocity_envelope,velocity_straggler_dynamic,32,4,2.5202062658991053e-14
q1_velocity_envelope,velocity_straggler_dynamic,32,8,2.5202062658991053e-14
q1_velocity_envelope,velocity_straggler_dynamic,32,12,1.0210582379599487e-13
q1_velocity_envelope,velocity_straggler_dynamic,64,1,2.3647750424515834e-14
q1_velocity_envelope,velocity_straggler_dynamic,64,4,2.5202062658991053e-14
q1_velocity_envelope,velocity_straggler_dynamic,64,8,2.5202062658991053e-14
q1_velocity_envelope,velocity_straggler_dynamic,64,12,1.0210582379599487e-13
q1_velocity_envelope,velocity_straggler_dynamic,128,1,2.3647750424515834e-14
q1_velocity_envelope,velocity_straggler_dynamic,128,4,2.5202062658991053e-14
q1_velocity_envelope,velocity_straggler_dynamic,128,8,2.5202062658991053e-14
q1_velocity_envelope,velocity_straggler_dynamic,128,12,1.0210582379599487e-13
q1_velocity_envelope,rabi_velocity_dynamic,4,1,1.4947682323271415e-13
q1_velocity_envelope,rabi_velocity_dynamic,4,4,1.4947682323271415e-13
q1_velocity_envelope,rabi_velocity_dynamic,16,1,1.4947682323271415e-13
q1_velocity_envelope,rabi_velocity_dynamic,16,4,1.4947682323271415e-13
q1_velocity_envelope,rabi_velocity_dynamic,64,1,0.3696502133169528
q1_velocity_envelope,rabi_velocity_dynamic,64,4,0.3696502133169528
q1_velocity_envelope,velocity_dynamic,8,1,0.29752726493593346
q1_velocity_envelope,velocity_dynamic,8,4,0.29752726619759723
q1_velocity_envelope,velocity_dynamic,32,1,0.29793757538088167
q1_velocity_envelope,velocity_dynamic,32,4,0.2979375765956252
q1_velocity_envelope,velocity_dynamic,128,1,0.2987334248810071
q1_velocity_envelope,velocity_dynamic,128,4,0.2987334260040336
