system,kind,parameter_count,initial_count,accepted_steps,rejected_steps,controlling_trajectory,controlling_fraction,distinct_controllers,min_dt,median_dt,max_dt,controller_counts
r0,rabi_narrow,1,1,6,0,0,1.0,1,1e-10,5.4999999999999996e-08,8.8889e-06,[6]
r2,rabi_narrow,1,1,28506,0,0,1.0,1,1.355036619796266e-09,3.819697789012788e-09,6.324752597666696e-09,[28506]
r2,rabi_narrow,1,1,28453,0,0,1.0,1,1.7168075054575967e-09,3.819700165497839e-09,6.2697988014900844e-09,[28453]
r0,rabi_narrow,1,1,6,0,0,1.0,1,1e-10,5.4999999999999996e-08,8.8889e-06,[6]
r0,rabi_narrow,1,1,6,0,0,1.0,1,1e-10,5.4999999999999996e-08,8.8889e-06,[6]
r0,rabi_narrow,4,1,6,0,0,1.0,1,1e-10,5.4999999999999996e-08,8.8889e-06,"[6, 0, 0, 0]"
r0,rabi_narrow,4,1,6,0,0,1.0,1,1e-10,5.4999999999999996e-08,8.8889e-06,"[6, 0, 0, 0]"
r0,rabi_narrow,8,1,6,0,0,1.0,1,1e-10,5.4999999999999996e-08,8.8889e-06,"[6, 0, 0, 0, 0, 0, 0, 0]"
r0,rabi_narrow,8,1,6,0,0,1.0,1,1e-10,5.4999999999999996e-08,8.8889e-06,"[6, 0, 0, 0, 0, 0, 0, 0]"
r0,rabi_narrow,16,1,6,0,0,1.0,1,1e-10,5.4999999999999996e-08,8.8889e-06,"[6, 0, 0, 0, 0, 0, 0, 0, 0, 0, 0, 0, 0, 0, 0, 0]"
r0,rabi_narrow,16,1,6,0,0,1.0,1,1e-10,5.4999999999999996e-08,8.8889e-06,"[6, 0, 0, 0, 0, 0, 0, 0, 0, 0, 0, 0, 0, 0, 0, 0]"
r0,rabi_narrow,32,1,6,0,0,1.0,1,1e-10,5.4999999999999996e-08,8.8889e-06,"[6, 0, 0, 0, 0, 0, 0, 0, 0, 0, 0, 0, 0, 0, 0, 0, 0, 0, 0, 0, 0, 0, 0, 0, 0, 0, 0, 0, 0, 0, 0, 0]"
r0,rabi_narrow,32,1,6,0,0,1.0,1,1e-10,5.4999999999999996e-08,8.8889e-06,"[6, 0, 0, 0, 0, 0, 0, 0, 0, 0, 0, 0, 0, 0, 0, 0, 0, 0, 0, 0, 0, 0, 0, 0, 0, 0, 0, 0, 0, 0, 0, 0]"
r0,rabi_narrow,64,1,6,0,0,1.0,1,1e-10,5.4999999999999996e-08,8.8889e-06,"[6, 0, 0, 0, 0, 0, 0, 0, 0, 0, 0, 0, 0, 0, 0, 0, 0, 0, 0, 0, 0, 0, 0, 0, 0, 0, 0, 0, 0, 0, 0, 0, 0, 0, 0, 0, 0, 0, 0, 0, 0, 0, 0, 0, 0, 0, 0, 0, 0, 0, 0, 0, 0, 0, 0, 0, 0, 0, 0, 0, 0, 0, 0, 0]"
r0,rabi_narrow,64,1,6,0,0,1.0,1,1e-10,5.4999999999999996e-08,8.8889e-06,"[6, 0, 0, 0, 0, 0, 0, 0, 0, 0, 0, 0, 0, 0, 0, 0, 0, 0, 0, 0, 0, 0, 0, 0, 0, 0, 0, 0, 0, 0, 0, 0, 0, 0, 0, 0, 0, 0, 0, 0, 0, 0, 0, 0, 0, 0, 0, 0, 0, 0, 0, 0, 0, 0, 0, 0, 0, 0, 0, 0, 0, 0, 0, 0]"
r0,rabi_narrow,128,1,6,0,0,1.0,1,1e-10,5.4999999999999996e-08,8.8889e-06,"[6, 0, 0, 0, 0, 0, 0, 0, 0, 0, 0, 0, 0, 0, 0, 0, 0, 0, 0, 0, 0, 0, 0, 0, 0, 0, 0, 0, 0, 0, 0, 0, 0, 0, 0, 0, 0, 0, 0, 0, 0, 0, 0, 0, 0, 0, 0, 0, 0, 0, 0, 0, 0, 0, 0, 0, 0, 0, 0, 0, 0, 0, 0, 0, 0, 0, 0, 0, 0, 0, 0, 0, 0, 0, 0, 0, 0, 0, 0, 0, 0, 0, 0, 0, 0, 0, 0, 0, 0, 0, 0, 0, 0, 0, 0, 0, 0, 0, 0, 0, 0, 0, 0, 0, 0, 0, 0, 0, 0, 0, 0, 0, 0, 0, 0, 0, 0, 0, 0, 0, 0, 0, 0, 0, 0, 0, 0, 0]"
r0,rabi_narrow,128,1,6,0,0,1.0,1,1e-10,5.4999999999999996e-08,8.8889e-06,"[6, 0, 0, 0, 0, 0, 0, 0, 0, 0, 0, 0, 0, 0, 0, 0, 0, 0, 0, 0, 0, 0, 0, 0, 0, 0, 0, 0, 0, 0, 0, 0, 0, 0, 0, 0, 0, 0, 0, 0, 0, 0, 0, 0, 0, 0, 0, 0, 0, 0, 0, 0, 0, 0, 0, 0, 0, 0, 0, 0, 0, 0, 0, 0, 0, 0, 0, 0, 0, 0, 0, 0, 0, 0, 0, 0, 0, 0, 0, 0, 0, 0, 0, 0, 0, 0, 0, 0, 0, 0, 0, 0, 0, 0, 0, 0, 0, 0, 0, 0, 0, 0, 0, 0, 0, 0, 0, 0, 0, 0, 0, 0, 0, 0, 0, 0, 0, 0, 0, 0, 0, 0, 0, 0, 0, 0, 0, 0]"
r0,rabi_broad,1,1,6,0,0,1.0,1,1e-10,5.4999999999999996e-08,8.8889e-06,[6]
r0,rabi_broad,1,1,6,0,0,1.0,1,1e-10,5.4999999999999996e-08,8.8889e-06,[6]
r0,rabi_broad,4,1,6,0,0,1.0,1,1e-10,5.4999999999999996e-08,8.8889e-06,"[6, 0, 0, 0]"
r0,rabi_broad,4,1,6,0,0,1.0,1,1e-10,5.4999999999999996e-08,8.8889e-06,"[6, 0, 0, 0]"
r0,rabi_broad,8,1,6,0,0,1.0,1,1e-10,5.4999999999999996e-08,8.8889e-06,"[6, 0, 0, 0, 0, 0, 0, 0]"
r0,rabi_broad,8,1,6,0,0,1.0,1,1e-10,5.4999999999999996e-08,8.8889e-06,"[6, 0, 0, 0, 0, 0, 0, 0]"
r0,rabi_broad,16,1,6,0,0,1.0,1,1e-10,5.4999999999999996e-08,8.8889e-06,"[6, 0, 0, 0, 0, 0, 0, 0, 0, 0, 0, 0, 0, 0, 0, 0]"
r0,rabi_broad,16,1,6,0,0,1.0,1,1e-10,5.4999999999999996e-08,8.8889e-06,"[6, 0, 0, 0, 0, 0, 0, 0, 0, 0, 0, 0, 0, 0, 0, 0]"
r0,rabi_broad,32,1,6,0,0,1.0,1,1e-10,5.4999999999999996e-08,8.8889e-06,"[6, 0, 0, 0, 0, 0, 0, 0, 0, 0, 0, 0, 0, 0, 0, 0, 0, 0, 0, 0, 0, 0, 0, 0, 0, 0, 0, 0, 0, 0, 0, 0]"
r0,rabi_broad,32,1,6,0,0,1.0,1,1e-10,5.4999999999999996e-08,8.8889e-06,"[6, 0, 0, 0, 0, 0, 0, 0, 0, 0, 0, 0, 0, 0, 0, 0, 0, 0, 0, 0, 0, 0, 0, 0, 0, 0, 0, 0, 0, 0, 0, 0]"
r0,rabi_broad,64,1,6,0,0,1.0,1,1e-10,5.4999999999999996e-08,8.8889e-06,"[6, 0, 0, 0, 0, 0, 0, 0, 0, 0, 0, 0, 0, 0, 0, 0, 0, 0, 0, 0, 0, 0, 0, 0, 0, 0, 0, 0, 0, 0, 0, 0, 0, 0, 0, 0, 0, 0, 0, 0, 0, 0, 0, 0, 0, 0, 0, 0, 0, 0, 0, 0, 0, 0, 0, 0, 0, 0, 0, 0, 0, 0, 0, 0]"
r0,rabi_broad,64,1,6,0,0,1.0,1,1e-10,5.4999999999999996e-08,8.8889e-06,"[6, 0, 0, 0, 0, 0, 0, 0, 0, 0, 0, 0, 0, 0, 0, 0, 0, 0, 0, 0, 0, 0, 0, 0, 0, 0, 0, 0, 0, 0, 0, 0, 0, 0, 0, 0, 0, 0, 0, 0, 0, 0, 0, 0, 0, 0, 0, 0, 0, 0, 0, 0, 0, 0, 0, 0, 0, 0, 0, 0, 0, 0, 0, 0]"
r0,rabi_broad,128,1,6,0,0,1.0,1,1e-10,5.4999999999999996e-08,8.8889e-06,"[6, 0, 0, 0, 0, 0, 0, 0, 0, 0, 0, 0, 0, 0, 0, 0, 0, 0, 0, 0, 0, 0, 0, 0, 0, 0, 0, 0, 0, 0, 0, 0, 0, 0, 0, 0, 0, 0, 0, 0, 0, 0, 0, 0, 0, 0, 0, 0, 0, 0, 0, 0, 0, 0, 0, 0, 0, 0, 0, 0, 0, 0, 0, 0, 0, 0, 0, 0, 0, 0, 0, 0, 0, 0, 0, 0, 0, 0, 0, 0, 0, 0, 0, 0, 0, 0, 0, 0, 0, 0, 0, 0, 0, 0, 0, 0, 0, 0, 0, 0, 0, 0, 0, 0, 0, 0, 0, 0, 0, 0, 0, 0, 0, 0, 0, 0, 0, 0, 0, 0, 0, 0, 0, 0, 0, 0, 0, 0]"
r0,rabi_broad,128,1,6,0,0,1.0,1,1e-10,5.4999999999999996e-08,8.8889e-06,"[6, 0, 0, 0, 0, 0, 0, 0, 0, 0, 0, 0, 0, 0, 0, 0, 0, 0, 0, 0, 0, 0, 0, 0, 0, 0, 0, 0, 0, 0, 0, 0, 0, 0, 0, 0, 0, 0, 0, 0, 0, 0, 0, 0, 0, 0, 0, 0, 0, 0, 0, 0, 0, 0, 0, 0, 0, 0, 0, 0, 0, 0, 0, 0, 0, 0, 0, 0, 0, 0, 0, 0, 0, 0, 0, 0, 0, 0, 0, 0, 0, 0, 0, 0, 0, 0, 0, 0, 0, 0, 0, 0, 0, 0, 0, 0, 0, 0, 0, 0, 0, 0, 0, 0, 0, 0, 0, 0, 0, 0, 0, 0, 0, 0, 0, 0, 0, 0, 0, 0, 0, 0, 0, 0, 0, 0, 0, 0]"
r0,detuning,1,1,6,0,0,1.0,1,1e-10,5.4999999999999996e-08,8.8889e-06,[6]
r0,detuning,1,1,6,0,0,1.0,1,1e-10,5.4999999999999996e-08,8.8889e-06,[6]
r0,detuning,4,1,6,0,0,1.0,1,1e-10,5.4999999999999996e-08,8.8889e-06,"[6, 0, 0, 0]"
r0,detuning,4,1,6,0,0,1.0,1,1e-10,5.4999999999999996e-08,8.8889e-06,"[6, 0, 0, 0]"
r0,detuning,8,1,6,0,0,1.0,1,1e-10,5.4999999999999996e-08,8.8889e-06,"[6, 0, 0, 0, 0, 0, 0, 0]"
r0,detuning,8,1,6,0,0,1.0,1,1e-10,5.4999999999999996e-08,8.8889e-06,"[6, 0, 0, 0, 0, 0, 0, 0]"
r0,detuning,16,1,6,0,0,1.0,1,1e-10,5.4999999999999996e-08,8.8889e-06,"[6, 0, 0, 0, 0, 0, 0, 0, 0, 0, 0, 0, 0, 0, 0, 0]"
r0,detuning,16,1,6,0,0,1.0,1,1e-10,5.4999999999999996e-08,8.8889e-06,"[6, 0, 0, 0, 0, 0, 0, 0, 0, 0, 0, 0, 0, 0, 0, 0]"
r0,detuning,32,1,6,0,0,1.0,1,1e-10,5.4999999999999996e-08,8.8889e-06,"[6, 0, 0, 0, 0, 0, 0, 0, 0, 0, 0, 0, 0, 0, 0, 0, 0, 0, 0, 0, 0, 0, 0, 0, 0, 0, 0, 0, 0, 0, 0, 0]"
r0,detuning,32,1,6,0,0,1.0,1,1e-10,5.4999999999999996e-08,8.8889e-06,"[6, 0, 0, 0, 0, 0, 0, 0, 0, 0, 0, 0, 0, 0, 0, 0, 0, 0, 0, 0, 0, 0, 0, 0, 0, 0, 0, 0, 0, 0, 0, 0]"
r0,detuning,64,1,6,0,0,1.0,1,1e-10,5.4999999999999996e-08,8.8889e-06,"[6, 0, 0, 0, 0, 0, 0, 0, 0, 0, 0, 0, 0, 0, 0, 0, 0, 0, 0, 0, 0, 0, 0, 0, 0, 0, 0, 0, 0, 0, 0, 0, 0, 0, 0, 0, 0, 0, 0, 0, 0, 0, 0, 0, 0, 0, 0, 0, 0, 0, 0, 0, 0, 0, 0, 0, 0, 0, 0, 0, 0, 0, 0, 0]"
r0,detuning,64,1,6,0,0,1.0,1,1e-10,5.4999999999999996e-08,8.8889e-06,"[6, 0, 0, 0, 0, 0, 0, 0, 0, 0, 0, 0, 0, 0, 0, 0, 0, 0, 0, 0, 0, 0, 0, 0, 0, 0, 0, 0, 0, 0, 0, 0, 0, 0, 0, 0, 0, 0, 0, 0, 0, 0, 0, 0, 0, 0, 0, 0, 0, 0, 0, 0, 0, 0, 0, 0, 0, 0, 0, 0, 0, 0, 0, 0]"
r0,detuning,128,1,6,0,0,1.0,1,1e-10,5.4999999999999996e-08,8.8889e-06,"[6, 0, 0, 0, 0, 0, 0, 0, 0, 0, 0, 0, 0, 0, 0, 0, 0, 0, 0, 0, 0, 0, 0, 0, 0, 0, 0, 0, 0, 0, 0, 0, 0, 0, 0, 0, 0, 0, 0, 0, 0, 0, 0, 0, 0, 0, 0, 0, 0, 0, 0, 0, 0, 0, 0, 0, 0, 0, 0, 0, 0, 0, 0, 0, 0, 0, 0, 0, 0, 0, 0, 0, 0, 0, 0, 0, 0, 0, 0, 0, 0, 0, 0, 0, 0, 0, 0, 0, 0, 0, 0, 0, 0, 0, 0, 0, 0, 0, 0, 0, 0, 0, 0, 0, 0, 0, 0, 0, 0, 0, 0, 0, 0, 0, 0, 0, 0, 0, 0, 0, 0, 0, 0, 0, 0, 0, 0, 0]"
r0,detuning,128,1,6,0,0,1.0,1,1e-10,5.4999999999999996e-08,8.8889e-06,"[6, 0, 0, 0, 0, 0, 0, 0, 0, 0, 0, 0, 0, 0, 0, 0, 0, 0, 0, 0, 0, 0, 0, 0, 0, 0, 0, 0, 0, 0, 0, 0, 0, 0, 0, 0, 0, 0, 0, 0, 0, 0, 0, 0, 0, 0, 0, 0, 0, 0, 0, 0, 0, 0, 0, 0, 0, 0, 0, 0, 0, 0, 0, 0, 0, 0, 0, 0, 0, 0, 0, 0, 0, 0, 0, 0, 0, 0, 0, 0, 0, 0, 0, 0, 0, 0, 0, 0, 0, 0, 0, 0, 0, 0, 0, 0, 0, 0, 0, 0, 0, 0, 0, 0, 0, 0, 0, 0, 0, 0, 0, 0, 0, 0, 0, 0, 0, 0, 0, 0, 0, 0, 0, 0, 0, 0, 0, 0]"
r0,velocity,1,1,6,0,0,1.0,1,1e-10,5.4999999999999996e-08,8.8889e-06,[6]
r0,velocity,1,1,6,0,0,1.0,1,1e-10,5.4999999999999996e-08,8.8889e-06,[6]
r0,velocity,4,1,6,0,0,1.0,1,1e-10,5.4999999999999996e-08,8.8889e-06,"[6, 0, 0, 0]"
r0,velocity,4,1,6,0,0,1.0,1,1e-10,5.4999999999999996e-08,8.8889e-06,"[6, 0, 0, 0]"
r0,velocity,8,1,6,0,0,1.0,1,1e-10,5.4999999999999996e-08,8.8889e-06,"[6, 0, 0, 0, 0, 0, 0, 0]"
r0,velocity,8,1,6,0,0,1.0,1,1e-10,5.4999999999999996e-08,8.8889e-06,"[6, 0, 0, 0, 0, 0, 0, 0]"
r0,velocity,16,1,6,0,0,1.0,1,1e-10,5.4999999999999996e-08,8.8889e-06,"[6, 0, 0, 0, 0, 0, 0, 0, 0, 0, 0, 0, 0, 0, 0, 0]"
r0,velocity,16,1,6,0,0,1.0,1,1e-10,5.4999999999999996e-08,8.8889e-06,"[6, 0, 0, 0, 0, 0, 0, 0, 0, 0, 0, 0, 0, 0, 0, 0]"
r0,velocity,32,1,6,0,0,1.0,1,1e-10,5.4999999999999996e-08,8.8889e-06,"[6, 0, 0, 0, 0, 0, 0, 0, 0, 0, 0, 0, 0, 0, 0, 0, 0, 0, 0, 0, 0, 0, 0, 0, 0, 0, 0, 0, 0, 0, 0, 0]"
r0,velocity,32,1,6,0,0,1.0,1,1e-10,5.4999999999999996e-08,8.8889e-06,"[6, 0, 0, 0, 0, 0, 0, 0, 0, 0, 0, 0, 0, 0, 0, 0, 0, 0, 0, 0, 0, 0, 0, 0, 0, 0, 0, 0, 0, 0, 0, 0]"
r0,velocity,64,1,6,0,0,1.0,1,1e-10,5.4999999999999996e-08,8.8889e-06,"[6, 0, 0, 0, 0, 0, 0, 0, 0, 0, 0, 0, 0, 0, 0, 0, 0, 0, 0, 0, 0, 0, 0, 0, 0, 0, 0, 0, 0, 0, 0, 0, 0, 0, 0, 0, 0, 0, 0, 0, 0, 0, 0, 0, 0, 0, 0, 0, 0, 0, 0, 0, 0, 0, 0, 0, 0, 0, 0, 0, 0, 0, 0, 0]"
r0,velocity,64,1,6,0,0,1.0,1,1e-10,5.4999999999999996e-08,8.8889e-06,"[6, 0, 0, 0, 0, 0, 0, 0, 0, 0, 0, 0, 0, 0, 0, 0, 0, 0, 0, 0, 0, 0, 0, 0, 0, 0, 0, 0, 0, 0, 0, 0, 0, 0, 0, 0, 0, 0, 0, 0, 0, 0, 0, 0, 0, 0, 0, 0, 0, 0, 0, 0, 0, 0, 0, 0, 0, 0, 0, 0, 0, 0, 0, 0]"
r0,velocity,128,1,6,0,0,1.0,1,1e-10,5.4999999999999996e-08,8.8889e-06,"[6, 0, 0, 0, 0, 0, 0, 0, 0, 0, 0, 0, 0, 0, 0, 0, 0, 0, 0, 0, 0, 0, 0, 0, 0, 0, 0, 0, 0, 0, 0, 0, 0, 0, 0, 0, 0, 0, 0, 0, 0, 0, 0, 0, 0, 0, 0, 0, 0, 0, 0, 0, 0, 0, 0, 0, 0, 0, 0, 0, 0, 0, 0, 0, 0, 0, 0, 0, 0, 0, 0, 0, 0, 0, 0, 0, 0, 0, 0, 0, 0, 0, 0, 0, 0, 0, 0, 0, 0, 0, 0, 0, 0, 0, 0, 0, 0, 0, 0, 0, 0, 0, 0, 0, 0, 0, 0, 0, 0, 0, 0, 0, 0, 0, 0, 0, 0, 0, 0, 0, 0, 0, 0, 0, 0, 0, 0, 0]"
r0,velocity,128,1,6,0,0,1.0,1,1e-10,5.4999999999999996e-08,8.8889e-06,"[6, 0, 0, 0, 0, 0, 0, 0, 0, 0, 0, 0, 0, 0, 0, 0, 0, 0, 0, 0, 0, 0, 0, 0, 0, 0, 0, 0, 0, 0, 0, 0, 0, 0, 0, 0, 0, 0, 0, 0, 0, 0, 0, 0, 0, 0, 0, 0, 0, 0, 0, 0, 0, 0, 0, 0, 0, 0, 0, 0, 0, 0, 0, 0, 0, 0, 0, 0, 0, 0, 0, 0, 0, 0, 0, 0, 0, 0, 0, 0, 0, 0, 0, 0, 0, 0, 0, 0, 0, 0, 0, 0, 0, 0, 0, 0, 0, 0, 0, 0, 0, 0, 0, 0, 0, 0, 0, 0, 0, 0, 0, 0, 0, 0, 0, 0, 0, 0, 0, 0, 0, 0, 0, 0, 0, 0, 0, 0]"
r0,rabi_straggler,1,1,6,0,0,1.0,1,1e-10,5.4999999999999996e-08,8.8889e-06,[6]
r0,rabi_straggler,1,1,6,0,0,1.0,1,1e-10,5.4999999999999996e-08,8.8889e-06,[6]
r0,rabi_straggler,4,1,6,0,0,1.0,1,1e-10,5.4999999999999996e-08,8.8889e-06,"[6, 0, 0, 0]"
r0,rabi_straggler,4,1,6,0,0,1.0,1,1e-10,5.4999999999999996e-08,8.8889e-06,"[6, 0, 0, 0]"
r0,rabi_straggler,8,1,6,0,0,1.0,1,1e-10,5.4999999999999996e-08,8.8889e-06,"[6, 0, 0, 0, 0, 0, 0, 0]"
r0,rabi_straggler,8,1,6,0,0,1.0,1,1e-10,5.4999999999999996e-08,8.8889e-06,"[6, 0, 0, 0, 0, 0, 0, 0]"
r0,rabi_straggler,16,1,6,0,0,1.0,1,1e-10,5.4999999999999996e-08,8.8889e-06,"[6, 0, 0, 0, 0, 0, 0, 0, 0, 0, 0, 0, 0, 0, 0, 0]"
r0,rabi_straggler,16,1,6,0,0,1.0,1,1e-10,5.4999999999999996e-08,8.8889e-06,"[6, 0, 0, 0, 0, 0, 0, 0, 0, 0, 0, 0, 0, 0, 0, 0]"
r0,rabi_straggler,32,1,6,0,0,1.0,1,1e-10,5.4999999999999996e-08,8.8889e-06,"[6, 0, 0, 0, 0, 0, 0, 0, 0, 0, 0, 0, 0, 0, 0, 0, 0, 0, 0, 0, 0, 0, 0, 0, 0, 0, 0, 0, 0, 0, 0, 0]"
r0,rabi_straggler,32,1,6,0,0,1.0,1,1e-10,5.4999999999999996e-08,8.8889e-06,"[6, 0, 0, 0, 0, 0, 0, 0, 0, 0, 0, 0, 0, 0, 0, 0, 0, 0, 0, 0, 0, 0, 0, 0, 0, 0, 0, 0, 0, 0, 0, 0]"
r0,rabi_straggler,64,1,6,0,0,1.0,1,1e-10,5.4999999999999996e-08,8.8889e-06,"[6, 0, 0, 0, 0, 0, 0, 0, 0, 0, 0, 0, 0, 0, 0, 0, 0, 0, 0, 0, 0, 0, 0, 0, 0, 0, 0, 0, 0, 0, 0, 0, 0, 0, 0, 0, 0, 0, 0, 0, 0, 0, 0, 0, 0, 0, 0, 0, 0, 0, 0, 0, 0, 0, 0, 0, 0, 0, 0, 0, 0, 0, 0, 0]"
r0,rabi_straggler,64,1,6,0,0,1.0,1,1e-10,5.4999999999999996e-08,8.8889e-06,"[6, 0, 0, 0, 0, 0, 0, 0, 0, 0, 0, 0, 0, 0, 0, 0, 0, 0, 0, 0, 0, 0, 0, 0, 0, 0, 0, 0, 0, 0, 0, 0, 0, 0, 0, 0, 0, 0, 0, 0, 0, 0, 0, 0, 0, 0, 0, 0, 0, 0, 0, 0, 0, 0, 0, 0, 0, 0, 0, 0, 0, 0, 0, 0]"
r0,rabi_straggler,128,1,6,0,0,1.0,1,1e-10,5.4999999999999996e-08,8.8889e-06,"[6, 0, 0, 0, 0, 0, 0, 0, 0, 0, 0, 0, 0, 0, 0, 0, 0, 0, 0, 0, 0, 0, 0, 0, 0, 0, 0, 0, 0, 0, 0, 0, 0, 0, 0, 0, 0, 0, 0, 0, 0, 0, 0, 0, 0, 0, 0, 0, 0, 0, 0, 0, 0, 0, 0, 0, 0, 0, 0, 0, 0, 0, 0, 0, 0, 0, 0, 0, 0, 0, 0, 0, 0, 0, 0, 0, 0, 0, 0, 0, 0, 0, 0, 0, 0, 0, 0, 0, 0, 0, 0, 0, 0, 0, 0, 0, 0, 0, 0, 0, 0, 0, 0, 0, 0, 0, 0, 0, 0, 0, 0, 0, 0, 0, 0, 0, 0, 0, 0, 0, 0, 0, 0, 0, 0, 0, 0, 0]"
r0,rabi_straggler,128,1,6,0,0,1.0,1,1e-10,5.4999999999999996e-08,8.8889e-06,"[6, 0, 0, 0, 0, 0, 0, 0, 0, 0, 0, 0, 0, 0, 0, 0, 0, 0, 0, 0, 0, 0, 0, 0, 0, 0, 0, 0, 0, 0, 0, 0, 0, 0, 0, 0, 0, 0, 0, 0, 0, 0, 0, 0, 0, 0, 0, 0, 0, 0, 0, 0, 0, 0, 0, 0, 0, 0, 0, 0, 0, 0, 0, 0, 0, 0, 0, 0, 0, 0, 0, 0, 0, 0, 0, 0, 0, 0, 0, 0, 0, 0, 0, 0, 0, 0, 0, 0, 0, 0, 0, 0, 0, 0, 0, 0, 0, 0, 0, 0, 0, 0, 0, 0, 0, 0, 0, 0, 0, 0, 0, 0, 0, 0, 0, 0, 0, 0, 0, 0, 0, 0, 0, 0, 0, 0, 0, 0]"
r0,detuning_straggler,1,1,6,0,0,1.0,1,1e-10,5.4999999999999996e-08,8.8889e-06,[6]
r0,detuning_straggler,1,1,6,0,0,1.0,1,1e-10,5.4999999999999996e-08,8.8889e-06,[6]
r0,detuning_straggler,4,1,6,0,0,1.0,1,1e-10,5.4999999999999996e-08,8.8889e-06,"[6, 0, 0, 0]"
r0,detuning_straggler,4,1,6,0,0,1.0,1,1e-10,5.4999999999999996e-08,8.8889e-06,"[6, 0, 0, 0]"
r0,detuning_straggler,8,1,6,0,0,1.0,1,1e-10,5.4999999999999996e-08,8.8889e-06,"[6, 0, 0, 0, 0, 0, 0, 0]"
r0,detuning_straggler,8,1,6,0,0,1.0,1,1e-10,5.4999999999999996e-08,8.8889e-06,"[6, 0, 0, 0, 0, 0, 0, 0]"
r0,detuning_straggler,16,1,6,0,0,1.0,1,1e-10,5.4999999999999996e-08,8.8889e-06,"[6, 0, 0, 0, 0, 0, 0, 0, 0, 0, 0, 0, 0, 0, 0, 0]"
r0,detuning_straggler,16,1,6,0,0,1.0,1,1e-10,5.4999999999999996e-08,8.8889e-06,"[6, 0, 0, 0, 0, 0, 0, 0, 0, 0, 0, 0, 0, 0, 0, 0]"
r0,detuning_straggler,32,1,6,0,0,1.0,1,1e-10,5.4999999999999996e-08,8.8889e-06,"[6, 0, 0, 0, 0, 0, 0, 0, 0, 0, 0, 0, 0, 0, 0, 0, 0, 0, 0, 0, 0, 0, 0, 0, 0, 0, 0, 0, 0, 0, 0, 0]"
r0,detuning_straggler,32,1,6,0,0,1.0,1,1e-10,5.4999999999999996e-08,8.8889e-06,"[6, 0, 0, 0, 0, 0, 0, 0, 0, 0, 0, 0, 0, 0, 0, 0, 0, 0, 0, 0, 0, 0, 0, 0, 0, 0, 0, 0, 0, 0, 0, 0]"
r0,detuning_straggler,64,1,6,0,0,1.0,1,1e-10,5.4999999999999996e-08,8.8889e-06,"[6, 0, 0, 0, 0, 0, 0, 0, 0, 0, 0, 0, 0, 0, 0, 0, 0, 0, 0, 0, 0, 0, 0, 0, 0, 0, 0, 0, 0, 0, 0, 0, 0, 0, 0, 0, 0, 0, 0, 0, 0, 0, 0, 0, 0, 0, 0, 0, 0, 0, 0, 0, 0, 0, 0, 0, 0, 0, 0, 0, 0, 0, 0, 0]"
r0,detuning_straggler,64,1,6,0,0,1.0,1,1e-10,5.4999999999999996e-08,8.8889e-06,"[6, 0, 0, 0, 0, 0, 0, 0, 0, 0, 0, 0, 0, 0, 0, 0, 0, 0, 0, 0, 0, 0, 0, 0, 0, 0, 0, 0, 0, 0, 0, 0, 0, 0, 0, 0, 0, 0, 0, 0, 0, 0, 0, 0, 0, 0, 0, 0, 0, 0, 0, 0, 0, 0, 0, 0, 0, 0, 0, 0, 0, 0, 0, 0]"
r0,detuning_straggler,128,1,6,0,0,1.0,1,1e-10,5.4999999999999996e-08,8.8889e-06,"[6, 0, 0, 0, 0, 0, 0, 0, 0, 0, 0, 0, 0, 0, 0, 0, 0, 0, 0, 0, 0, 0, 0, 0, 0, 0, 0, 0, 0, 0, 0, 0, 0, 0, 0, 0, 0, 0, 0, 0, 0, 0, 0, 0, 0, 0, 0, 0, 0, 0, 0, 0, 0, 0, 0, 0, 0, 0, 0, 0, 0, 0, 0, 0, 0, 0, 0, 0, 0, 0, 0, 0, 0, 0, 0, 0, 0, 0, 0, 0, 0, 0, 0, 0, 0, 0, 0, 0, 0, 0, 0, 0, 0, 0, 0, 0, 0, 0, 0, 0, 0, 0, 0, 0, 0, 0, 0, 0, 0, 0, 0, 0, 0, 0, 0, 0, 0, 0, 0, 0, 0, 0, 0, 0, 0, 0, 0, 0]"
r0,detuning_straggler,128,1,6,0,0,1.0,1,1e-10,5.4999999999999996e-08,8.8889e-06,"[6, 0, 0, 0, 0, 0, 0, 0, 0, 0, 0, 0, 0, 0, 0, 0, 0, 0, 0, 0, 0, 0, 0, 0, 0, 0, 0, 0, 0, 0, 0, 0, 0, 0, 0, 0, 0, 0, 0, 0, 0, 0, 0, 0, 0, 0, 0, 0, 0, 0, 0, 0, 0, 0, 0, 0, 0, 0, 0, 0, 0, 0, 0, 0, 0, 0, 0, 0, 0, 0, 0, 0, 0, 0, 0, 0, 0, 0, 0, 0, 0, 0, 0, 0, 0, 0, 0, 0, 0, 0, 0, 0, 0, 0, 0, 0, 0, 0, 0, 0, 0, 0, 0, 0, 0, 0, 0, 0, 0, 0, 0, 0, 0, 0, 0, 0, 0, 0, 0, 0, 0, 0, 0, 0, 0, 0, 0, 0]"
r0,rabi_narrow,4,1,84,4,3,0.8522727272727273,2,1e-10,6.036882795945938e-08,5.064584987941785e-07,"[13, 0, 0, 75]"
r0,rabi_narrow,4,4,87,3,13,0.6777777777777778,5,1e-10,5.6072592441642235e-08,4.7563545478849896e-07,"[11, 0, 2, 0, 0, 0, 0, 0, 0, 0, 0, 0, 8, 61, 8, 0]"
