system,kind,parameter_count,initial_count,trajectories,repeat,method,threads,output,save_count,seconds,accepted_steps,rejected_steps,rhs_calls,trajectories_per_second
r0,rabi_narrow,1,1,1,0,independent_serial,1,photon_integral,1,0.0017804000526666641,6,0,37,561.6715178716214
r0,rabi_narrow,1,1,1,0,independent_rayon,2,photon_integral,1,0.0029642002191394567,6,0,37,337.35912761328655
r0,rabi_narrow,1,1,1,0,shared_serial,1,photon_integral,1,0.002037100028246641,6,0,37,490.89391101757195
r2,rabi_narrow,1,1,1,0,independent_serial,1,photon_integral,1,1.1025334000587463,28506,0,171037,0.9070020009794868
r2,rabi_narrow,1,1,1,0,independent_rayon,2,photon_integral,1,1.0999088000971824,28506,0,171037,0.9091662871609401
r2,rabi_narrow,1,1,1,0,shared_serial,1,photon_integral,1,1.3308711000718176,28506,0,171037,0.7513875685977681
r2,rabi_narrow,1,1,1,0,independent_serial,1,photon_integral,1,11.678320300066844,28453,0,170719,0.08562875262072374
r2,rabi_narrow,1,1,1,0,independent_rayon,2,photon_integral,1,11.438058299943805,28453,0,170719,0.08742742638450383
r2,rabi_narrow,1,1,1,0,shared_serial,1,photon_integral,1,12.129259100183845,28453,0,170719,0.0824452665855611
r0,rabi_narrow,1,1,1,0,independent_serial,1,photon_integral,1,0.001783600077033043,6,0,37,560.6638017550804
r0,rabi_narrow,1,1,1,0,independent_rayon,4,photon_integral,1,0.002113899914547801,6,0,37,473.0592934500009
r0,rabi_narrow,1,1,1,0,shared_serial,1,photon_integral,1,0.0017834999598562717,6,0,37,560.6952747453876
r0,rabi_narrow,1,1,1,1,independent_serial,1,photon_integral,1,0.0016958999913185835,6,0,37,589.6574120638372
r0,rabi_narrow,1,1,1,1,independent_rayon,4,photon_integral,1,0.002112500136718154,6,0,37,473.37275042904207
r0,rabi_narrow,1,1,1,1,shared_serial,1,photon_integral,1,0.0017494000494480133,6,0,37,571.6245408336013
r0,rabi_narrow,4,1,4,0,independent_serial,1,photon_integral,1,0.0027538000140339136,24,0,148,1452.5383032955199
r0,rabi_narrow,4,1,4,0,independent_rayon,4,photon_integral,1,0.002798799891024828,24,0,148,1429.1839916198269
r0,rabi_narrow,4,1,4,0,shared_serial,1,photon_integral,1,0.004526500124484301,6,0,37,883.6849420070911
r0,rabi_narrow,4,1,4,1,independent_serial,1,photon_integral,1,0.002705099992454052,24,0,148,1478.688407511037
r0,rabi_narrow,4,1,4,1,independent_rayon,4,photon_integral,1,0.0028328001499176025,24,0,148,1412.0304251312425
r0,rabi_narrow,4,1,4,1,shared_serial,1,photon_integral,1,0.004582399968057871,6,0,37,872.9050340176426
r0,rabi_narrow,8,1,8,0,independent_serial,1,photon_integral,1,0.003989699995145202,48,0,296,2005.163297925825
r0,rabi_narrow,8,1,8,0,independent_rayon,4,photon_integral,1,0.003354799933731556,48,0,296,2384.6429468303854
r0,rabi_narrow,8,1,8,0,shared_serial,1,photon_integral,1,0.007891600020229816,6,0,37,1013.736121888122
r0,rabi_narrow,8,1,8,1,independent_serial,1,photon_integral,1,0.0037319001276046038,48,0,296,2143.6800896209843
r0,rabi_narrow,8,1,8,1,independent_rayon,4,photon_integral,1,0.003941499860957265,48,0,296,2029.6842020075715
r0,rabi_narrow,8,1,8,1,shared_serial,1,photon_integral,1,0.007811199873685837,6,0,37,1024.1704385199755
r0,rabi_narrow,16,1,16,0,independent_serial,1,photon_integral,1,0.005692200036719441,96,0,592,2810.863971186298
r0,rabi_narrow,16,1,16,0,independent_rayon,4,photon_integral,1,0.006058200029656291,96,0,592,2641.048483324469
r0,rabi_narrow,16,1,16,0,shared_serial,1,photon_integral,1,0.015354400034993887,6,0,37,1042.0465771071965
r0,rabi_narrow,16,1,16,1,independent_serial,1,photon_integral,1,0.005844000028446317,96,0,592,2737.8507738053095
r0,rabi_narrow,16,1,16,1,independent_rayon,4,photon_integral,1,0.005104299867525697,96,0,592,3134.6120751632056
r0,rabi_narrow,16,1,16,1,shared_serial,1,photon_integral,1,0.014939399901777506,6,0,37,1070.9934873686796
r0,rabi_narrow,32,1,32,0,independent_serial,1,photon_integral,1,0.009573900140821934,192,0,1184,3342.420490010746
r0,rabi_narrow,32,1,32,0,independent_rayon,4,photon_integral,1,0.006854699924588203,192,0,1184,4668.329810501866
r0,rabi_narrow,32,1,32,0,shared_serial,1,photon_integral,1,0.02679520007222891,6,0,37,1194.2437419291916
r0,rabi_narrow,32,1,32,1,independent_serial,1,photon_integral,1,0.009978599846363068,192,0,1184,3206.862735523275
r0,rabi_narrow,32,1,32,1,independent_rayon,4,photon_integral,1,0.0071633001789450645,192,0,1184,4467.214719558579
r0,rabi_narrow,32,1,32,1,shared_serial,1,photon_integral,1,0.03239740012213588,6,0,37,987.7335798354896
r0,rabi_narrow,64,1,64,0,independent_serial,1,photon_integral,1,0.01740170014090836,384,0,2368,3677.801564316533
r0,rabi_narrow,64,1,64,0,independent_rayon,4,photon_integral,1,0.010664599947631359,384,0,2368,6001.1627547468015
r0,rabi_narrow,64,1,64,0,shared_serial,1,photon_integral,1,0.05509120016358793,6,0,37,1161.710033725137
r0,rabi_narrow,64,1,64,1,independent_serial,1,photon_integral,1,0.017481999937444925,384,0,2368,3660.9083759872096
r0,rabi_narrow,64,1,64,1,independent_rayon,4,photon_integral,1,0.011985100107267499,384,0,2368,5339.963740577504
r0,rabi_narrow,64,1,64,1,shared_serial,1,photon_integral,1,0.05592660000547767,6,0,37,1144.3570679020643
r0,rabi_narrow,128,1,128,0,independent_serial,1,photon_integral,1,0.03279619989916682,768,0,4736,3902.891200612904
r0,rabi_narrow,128,1,128,0,independent_rayon,4,photon_integral,1,0.015819199848920107,768,0,4736,8091.433272381212
r0,rabi_narrow,128,1,128,0,shared_serial,1,photon_integral,1,0.11604929994791746,6,0,37,1102.9795100655151
r0,rabi_narrow,128,1,128,1,independent_serial,1,photon_integral,1,0.03275979985482991,768,0,4736,3907.227778167529
r0,rabi_narrow,128,1,128,1,independent_rayon,4,photon_integral,1,0.015027299989014864,768,0,4736,8517.830887356313
r0,rabi_narrow,128,1,128,1,shared_serial,1,photon_integral,1,0.11696010013110936,6,0,37,1094.390307947028
r0,rabi_broad,1,1,1,0,independent_serial,1,photon_integral,1,0.001819400116801262,6,0,37,549.6317114446096
r0,rabi_broad,1,1,1,0,independent_rayon,4,photon_integral,1,0.0022788001224398613,6,0,37,438.82742946727683
r0,rabi_broad,1,1,1,0,shared_serial,1,photon_integral,1,0.001750999828800559,6,0,37,571.1022831367171
r0,rabi_broad,1,1,1,1,independent_serial,1,photon_integral,1,0.0019095002207905054,6,0,37,523.6972424051434
r0,rabi_broad,1,1,1,1,independent_rayon,4,photon_integral,1,0.002087600063532591,6,0,37,479.01895457304306
r0,rabi_broad,1,1,1,1,shared_serial,1,photon_integral,1,0.001793100032955408,6,0,37,557.6933699297236
r0,rabi_broad,4,1,4,0,independent_serial,1,photon_integral,1,0.002633000025525689,24,0,148,1519.1796282650562
r0,rabi_broad,4,1,4,0,independent_rayon,4,photon_integral,1,0.00267399987205863,24,0,148,1495.8863842130716
r0,rabi_broad,4,1,4,0,shared_serial,1,photon_integral,1,0.0036145001649856567,6,0,37,1106.6537051924226
r0,rabi_broad,4,1,4,1,independent_serial,1,photon_integral,1,0.002772000152617693,24,0,148,1443.001363554279
r0,rabi_broad,4,1,4,1,independent_rayon,4,photon_integral,1,0.002869199961423874,24,0,148,1394.1168457338727
r0,rabi_broad,4,1,4,1,shared_serial,1,photon_integral,1,0.0035855998285114765,6,0,37,1115.573458084573
r0,rabi_broad,8,1,8,0,independent_serial,1,photon_integral,1,0.0033706999383866787,48,0,296,2373.394293835911
r0,rabi_broad,8,1,8,0,independent_rayon,4,photon_integral,1,0.0043038001749664545,48,0,296,1858.8223604183377
r0,rabi_broad,8,1,8,0,shared_serial,1,photon_integral,1,0.009072599932551384,6,0,37,881.7759032112696
r0,rabi_broad,8,1,8,1,independent_serial,1,photon_integral,1,0.0052726001013070345,48,0,296,1517.2779741093707
r0,rabi_broad,8,1,8,1,independent_rayon,4,photon_integral,1,0.004168099956586957,48,0,296,1919.3397671179625
r0,rabi_broad,8,1,8,1,shared_serial,1,photon_integral,1,0.008655200013890862,6,0,37,924.2998413856038
r0,rabi_broad,16,1,16,0,independent_serial,1,photon_integral,1,0.005404100054875016,96,0,592,2960.7149826114833
r0,rabi_broad,16,1,16,0,independent_rayon,4,photon_integral,1,0.004683000035583973,96,0,592,3416.613256122854
r0,rabi_broad,16,1,16,0,shared_serial,1,photon_integral,1,0.014677299885079265,6,0,37,1090.1187633472948
r0,rabi_broad,16,1,16,1,independent_serial,1,photon_integral,1,0.0075697998981922865,96,0,592,2113.662212368506
r0,rabi_broad,16,1,16,1,independent_rayon,4,photon_integral,1,0.004702499834820628,96,0,592,3402.445627222505
r0,rabi_broad,16,1,16,1,shared_serial,1,photon_integral,1,0.014529900159686804,6,0,37,1101.177559663623
r0,rabi_broad,32,1,32,0,independent_serial,1,photon_integral,1,0.009439999936148524,192,0,1184,3389.830531403144
r0,rabi_broad,32,1,32,0,independent_rayon,4,photon_integral,1,0.009410399943590164,192,0,1184,3400.493091879331
r0,rabi_broad,32,1,32,0,shared_serial,1,photon_integral,1,0.030863899970427155,6,0,37,1036.80999584179
r0,rabi_broad,32,1,32,1,independent_serial,1,photon_integral,1,0.010301799979060888,192,0,1184,3106.253282440174
r0,rabi_broad,32,1,32,1,independent_rayon,4,photon_integral,1,0.008134400006383657,192,0,1184,3933.9103037577775
r0,rabi_broad,32,1,32,1,shared_serial,1,photon_integral,1,0.026082700118422508,6,0,37,1226.86684487079
r0,rabi_broad,64,1,64,0,independent_serial,1,photon_integral,1,0.01713220006786287,384,0,2368,3735.655651141575
r0,rabi_broad,64,1,64,0,independent_rayon,4,photon_integral,1,0.01273730001412332,384,0,2368,5024.612745953678
r0,rabi_broad,64,1,64,0,shared_serial,1,photon_integral,1,0.05316900019533932,6,0,37,1203.7089237124699
r0,rabi_broad,64,1,64,1,independent_serial,1,photon_integral,1,0.017308699898421764,384,0,2368,3697.56251917197
r0,rabi_broad,64,1,64,1,independent_rayon,4,photon_integral,1,0.013741999864578247,384,0,2368,4657.255176152937
r0,rabi_broad,64,1,64,1,shared_serial,1,photon_integral,1,0.056194499833509326,6,0,37,1138.901497292733
r0,rabi_broad,128,1,128,0,independent_serial,1,photon_integral,1,0.033145599998533726,768,0,4736,3861.7493726365606
r0,rabi_broad,128,1,128,0,independent_rayon,4,photon_integral,1,0.024026300059631467,768,0,4736,5327.4952731928615
r0,rabi_broad,128,1,128,0,shared_serial,1,photon_integral,1,0.11424220004118979,6,0,37,1120.4266020249072
r0,rabi_broad,128,1,128,1,independent_serial,1,photon_integral,1,0.03877560002729297,768,0,4736,3301.044984730209
r0,rabi_broad,128,1,128,1,independent_rayon,4,photon_integral,1,0.021842400077730417,768,0,4736,5860.161866117605
r0,rabi_broad,128,1,128,1,shared_serial,1,photon_integral,1,0.12410859996452928,6,0,37,1031.3547976254902
r0,detuning,1,1,1,0,independent_serial,1,photon_integral,1,0.001716800034046173,6,0,37,582.4790192036454
r0,detuning,1,1,1,0,independent_rayon,4,photon_integral,1,0.0021801998373121023,6,0,37,458.67355041768445
r0,detuning,1,1,1,0,shared_serial,1,photon_integral,1,0.0017194999381899834,6,0,37,581.5644291634237
r0,detuning,1,1,1,1,independent_serial,1,photon_integral,1,0.0017621000297367573,6,0,37,567.5046723365593
r0,detuning,1,1,1,1,independent_rayon,4,photon_integral,1,0.002655500080436468,6,0,37,376.57690442835013
r0,detuning,1,1,1,1,shared_serial,1,photon_integral,1,0.0017723999917507172,6,0,37,564.2067279701539
r0,detuning,4,1,4,0,independent_serial,1,photon_integral,1,0.002379300072789192,24,0,148,1681.1666782790046
r0,detuning,4,1,4,0,independent_rayon,4,photon_integral,1,0.002857800107449293,24,0,148,1399.6780214170292
r0,detuning,4,1,4,0,shared_serial,1,photon_integral,1,0.0032562999986112118,6,0,37,1228.3880483081937
r0,detuning,4,1,4,1,independent_serial,1,photon_integral,1,0.0024959000293165445,24,0,148,1602.6282916048224
r0,detuning,4,1,4,1,independent_rayon,4,photon_integral,1,0.0025671999901533127,24,0,148,1558.1177996814813
r0,detuning,4,1,4,1,shared_serial,1,photon_integral,1,0.003233300056308508,6,0,37,1237.1261343949752
r0,detuning,8,1,8,0,independent_serial,1,photon_integral,1,0.0033362999092787504,48,0,296,2397.865964552767
r0,detuning,8,1,8,0,independent_rayon,4,photon_integral,1,0.002887299982830882,48,0,296,2770.754700783228
r0,detuning,8,1,8,0,shared_serial,1,photon_integral,1,0.005560199962928891,6,0,37,1438.7971751623695
r0,detuning,8,1,8,1,independent_serial,1,photon_integral,1,0.0033270001877099276,48,0,296,2404.5685448267545
r0,detuning,8,1,8,1,independent_rayon,4,photon_integral,1,0.0032948001753538847,48,0,296,2428.068342305689
r0,detuning,8,1,8,1,shared_serial,1,photon_integral,1,0.005580800119787455,6,0,37,1433.4862077634632
r0,detuning,16,1,16,0,independent_serial,1,photon_integral,1,0.005326799815520644,96,0,592,3003.6796114209055
r0,detuning,16,1,16,0,independent_rayon,4,photon_integral,1,0.004169299965724349,96,0,592,3837.5746843679685
r0,detuning,16,1,16,0,shared_serial,1,photon_integral,1,0.010121700121089816,6,0,37,1580.7621060282174
r0,detuning,16,1,16,1,independent_serial,1,photon_integral,1,0.0067143000196665525,96,0,592,2382.973646267686
r0,detuning,16,1,16,1,independent_rayon,4,photon_integral,1,0.004751899978145957,96,0,592,3367.0742384276155
r0,detuning,16,1,16,1,shared_serial,1,photon_integral,1,0.010032200021669269,6,0,37,1594.8645327485947
r0,detuning,32,1,32,0,independent_serial,1,photon_integral,1,0.009149400051683187,192,0,1184,3497.497083878528
r0,detuning,32,1,32,0,independent_rayon,4,photon_integral,1,0.00555770006030798,192,0,1184,5757.777435406747
r0,detuning,32,1,32,0,shared_serial,1,photon_integral,1,0.018598099937662482,6,0,37,1720.605874108554
r0,detuning,32,1,32,1,independent_serial,1,photon_integral,1,0.009237200021743774,192,0,1184,3464.253228756989
r0,detuning,32,1,32,1,independent_rayon,4,photon_integral,1,0.00705979997292161,192,0,1184,4532.706326346128
r0,detuning,32,1,32,1,shared_serial,1,photon_integral,1,0.019934900104999542,6,0,37,1605.2249989441689
r0,detuning,64,1,64,0,independent_serial,1,photon_integral,1,0.017363199964165688,384,0,2368,3685.9565133203396
r0,detuning,64,1,64,0,independent_rayon,4,photon_integral,1,0.012338100001215935,384,0,2368,5187.184411999637
r0,detuning,64,1,64,0,shared_serial,1,photon_integral,1,0.04793890006840229,6,0,37,1335.032716826642
r0,detuning,64,1,64,1,independent_serial,1,photon_integral,1,0.017473099986091256,384,0,2368,3662.773065508958
r0,detuning,64,1,64,1,independent_rayon,4,photon_integral,1,0.015009900089353323,384,0,2368,4263.852498618286
r0,detuning,64,1,64,1,shared_serial,1,photon_integral,1,0.0534963000100106,6,0,37,1196.3444198575205
r0,detuning,128,1,128,0,independent_serial,1,photon_integral,1,0.03264979994855821,768,0,4736,3920.3915552827875
r0,detuning,128,1,128,0,independent_rayon,4,photon_integral,1,0.018193199997767806,768,0,4736,7035.595717944331
r0,detuning,128,1,128,0,shared_serial,1,photon_integral,1,0.12080059992149472,6,0,37,1059.597386794304
r0,detuning,128,1,128,1,independent_serial,1,photon_integral,1,0.03288719989359379,768,0,4736,3892.0917686559737
r0,detuning,128,1,128,1,independent_rayon,4,photon_integral,1,0.02008459996432066,768,0,4736,6373.042043525185
r0,detuning,128,1,128,1,shared_serial,1,photon_integral,1,0.10892220004461706,6,0,37,1175.1507034155409
r0,velocity,1,1,1,0,independent_serial,1,photon_integral,1,0.0017589000053703785,6,0,37,568.537152167116
r0,velocity,1,1,1,0,independent_rayon,4,photon_integral,1,0.0022030998952686787,6,0,37,453.90588150250227
r0,velocity,1,1,1,0,shared_serial,1,photon_integral,1,0.0017557998653501272,6,0,37,569.5409936716154
r0,velocity,1,1,1,1,independent_serial,1,photon_integral,1,0.0017154999077320099,6,0,37,582.920462713436
r0,velocity,1,1,1,1,independent_rayon,4,photon_integral,1,0.0021194000728428364,6,0,37,471.8316342504697
r0,velocity,1,1,1,1,shared_serial,1,photon_integral,1,0.001955500105395913,6,0,37,511.37813659055706
r0,velocity,4,1,4,0,independent_serial,1,photon_integral,1,0.00253769988194108,24,0,148,1576.2305182204643
r0,velocity,4,1,4,0,independent_rayon,4,photon_integral,1,0.002772300038486719,24,0,148,1442.8452708832447
r0,velocity,4,1,4,0,shared_serial,1,photon_integral,1,0.0032740000169724226,6,0,37,1221.747092017102
r0,velocity,4,1,4,1,independent_serial,1,photon_integral,1,0.0025135998148471117,24,0,148,1591.343210790019
r0,velocity,4,1,4,1,independent_rayon,4,photon_integral,1,0.0026728000957518816,24,0,148,1496.5578631778542
r0,velocity,4,1,4,1,shared_serial,1,photon_integral,1,0.003247399814426899,6,0,37,1231.7547048655972
r0,velocity,8,1,8,0,independent_serial,1,photon_integral,1,0.0034019998274743557,48,0,296,2351.5580263680376
r0,velocity,8,1,8,0,independent_rayon,4,photon_integral,1,0.0033686000388115644,48,0,296,2374.8738074652474
r0,velocity,8,1,8,0,shared_serial,1,photon_integral,1,0.005379199981689453,6,0,37,1487.2099991135537
r0,velocity,8,1,8,1,independent_serial,1,photon_integral,1,0.005027799867093563,48,0,296,1591.1532303342428
r0,velocity,8,1,8,1,independent_rayon,4,photon_integral,1,0.003254199866205454,48,0,296,2458.36160313299
r0,velocity,8,1,8,1,shared_serial,1,photon_integral,1,0.00565519998781383,6,0,37,1414.6272487690776
r0,velocity,16,1,16,0,independent_serial,1,photon_integral,1,0.005265700165182352,96,0,592,3038.5322935389577
r0,velocity,16,1,16,0,independent_rayon,4,photon_integral,1,0.005142000038176775,96,0,592,3111.6296929614964
r0,velocity,16,1,16,0,shared_serial,1,photon_integral,1,0.01016659988090396,6,0,37,1573.780830113417
r0,velocity,16,1,16,1,independent_serial,1,photon_integral,1,0.0052171999122947454,96,0,592,3066.7791667892066
r0,velocity,16,1,16,1,independent_rayon,4,photon_integral,1,0.0055293000768870115,96,0,592,2893.6754702247918
r0,velocity,16,1,16,1,shared_serial,1,photon_integral,1,0.009927700040861964,6,0,37,1611.6522391031885
r0,velocity,32,1,32,0,independent_serial,1,photon_integral,1,0.009162999922409654,192,0,1184,3492.3060428865256
r0,velocity,32,1,32,0,independent_rayon,4,photon_integral,1,0.007826700108125806,192,0,1184,4088.568561196958
r0,velocity,32,1,32,0,shared_serial,1,photon_integral,1,0.020802199840545654,6,0,37,1538.2988455686627
r0,velocity,32,1,32,1,independent_serial,1,photon_integral,1,0.009388400008901954,192,0,1184,3408.461502456013
r0,velocity,32,1,32,1,independent_rayon,4,photon_integral,1,0.007544700056314468,192,0,1184,4241.387962562924
r0,velocity,32,1,32,1,shared_serial,1,photon_integral,1,0.019009799929335713,6,0,37,1683.3422823465887
r0,velocity,64,1,64,0,independent_serial,1,photon_integral,1,0.02595339994877577,384,0,2368,2465.958222287516
r0,velocity,64,1,64,0,independent_rayon,4,photon_integral,1,0.013852000003680587,384,0,2368,4620.271439719512
r0,velocity,64,1,64,0,shared_serial,1,photon_integral,1,0.054539799923077226,6,0,37,1173.4549831547863
r0,velocity,64,1,64,1,independent_serial,1,photon_integral,1,0.017135400092229247,384,0,2368,3734.9580199778025
r0,velocity,64,1,64,1,independent_rayon,4,photon_integral,1,0.013996700057759881,384,0,2368,4572.506357633769
r0,velocity,64,1,64,1,shared_serial,1,photon_integral,1,0.06568339979276061,6,0,37,974.3710009215122
r0,velocity,128,1,128,0,independent_serial,1,photon_integral,1,0.03284900006838143,768,0,4736,3896.6178493574753
r0,velocity,128,1,128,0,independent_rayon,4,photon_integral,1,0.021045499946922064,768,0,4736,6082.060313265221
r0,velocity,128,1,128,0,shared_serial,1,photon_integral,1,0.10635070013813674,6,0,37,1203.5651841853737
r0,velocity,128,1,128,1,independent_serial,1,photon_integral,1,0.032269000075757504,768,0,4736,3966.65529453953
r0,velocity,128,1,128,1,independent_rayon,4,photon_integral,1,0.020667799981310964,768,0,4736,6193.208765119902
r0,velocity,128,1,128,1,shared_serial,1,photon_integral,1,0.10896109999157488,6,0,37,1174.7311656168783
r0,rabi_straggler,1,1,1,0,independent_serial,1,photon_integral,1,0.0016907998360693455,6,0,37,591.4360639664662
r0,rabi_straggler,1,1,1,0,independent_rayon,4,photon_integral,1,0.0021307000424712896,6,0,37,469.3293190345795
r0,rabi_straggler,1,1,1,0,shared_serial,1,photon_integral,1,0.0017009000293910503,6,0,37,587.9240300548505
r0,rabi_straggler,1,1,1,1,independent_serial,1,photon_integral,1,0.0016799999866634607,6,0,37,595.2380999633431
r0,rabi_straggler,1,1,1,1,independent_rayon,4,photon_integral,1,0.002114800037816167,6,0,37,472.85794501528517
r0,rabi_straggler,1,1,1,1,shared_serial,1,photon_integral,1,0.0017505998257547617,6,0,37,571.2327770676291
r0,rabi_straggler,4,1,4,0,independent_serial,1,photon_integral,1,0.0026086000725626945,24,0,148,1533.3895149632465
r0,rabi_straggler,4,1,4,0,independent_rayon,4,photon_integral,1,0.002622900065034628,24,0,148,1525.0295096344782
r0,rabi_straggler,4,1,4,0,shared_serial,1,photon_integral,1,0.004132000030949712,6,0,37,968.0542037848503
r0,rabi_straggler,4,1,4,1,independent_serial,1,photon_integral,1,0.0024389000609517097,24,0,148,1640.0836032777484
r0,rabi_straggler,4,1,4,1,independent_rayon,4,photon_integral,1,0.00248480006121099,24,0,148,1609.7874683931566
r0,rabi_straggler,4,1,4,1,shared_serial,1,photon_integral,1,0.0033207000233232975,6,0,37,1204.5652940360662
r0,rabi_straggler,8,1,8,0,independent_serial,1,photon_integral,1,0.003374400082975626,48,0,296,2370.791786178896
r0,rabi_straggler,8,1,8,0,independent_rayon,4,photon_integral,1,0.0035674001555889845,48,0,296,2242.529475552816
r0,rabi_straggler,8,1,8,0,shared_serial,1,photon_integral,1,0.005620099836960435,6,0,37,1423.4622572695623
r0,rabi_straggler,8,1,8,1,independent_serial,1,photon_integral,1,0.004895300138741732,48,0,296,1634.2205326058493
r0,rabi_straggler,8,1,8,1,independent_rayon,4,photon_integral,1,0.00406099995598197,48,0,296,1969.9581597423487
r0,rabi_straggler,8,1,8,1,shared_serial,1,photon_integral,1,0.009002899983897805,6,0,37,888.602562986199
r0,rabi_straggler,16,1,16,0,independent_serial,1,photon_integral,1,0.00807640003040433,96,0,592,1981.080672052718
r0,rabi_straggler,16,1,16,0,independent_rayon,4,photon_integral,1,0.0050743999890983105,96,0,592,3153.082144563677
r0,rabi_straggler,16,1,16,0,shared_serial,1,photon_integral,1,0.01332600018940866,6,0,37,1200.6603461342138
r0,rabi_straggler,16,1,16,1,independent_serial,1,photon_integral,1,0.007399300113320351,96,0,592,2162.3666772478273
r0,rabi_straggler,16,1,16,1,independent_rayon,4,photon_integral,1,0.0052773000206798315,96,0,592,3031.853398006894
r0,rabi_straggler,16,1,16,1,shared_serial,1,photon_integral,1,0.013136900030076504,6,0,37,1217.9433476214724
r0,rabi_straggler,32,1,32,0,independent_serial,1,photon_integral,1,0.009118900168687105,192,0,1184,3509.195123100816
r0,rabi_straggler,32,1,32,0,independent_rayon,4,photon_integral,1,0.007846300024539232,192,0,1184,4078.3553904286464
r0,rabi_straggler,32,1,32,0,shared_serial,1,photon_integral,1,0.020125600043684244,6,0,37,1590.01470418479
r0,rabi_straggler,32,1,32,1,independent_serial,1,photon_integral,1,0.009703699965029955,192,0,1184,3297.7111942167535
r0,rabi_straggler,32,1,32,1,independent_rayon,4,photon_integral,1,0.008584000170230865,192,0,1184,3727.8657229033306
r0,rabi_straggler,32,1,32,1,shared_serial,1,photon_integral,1,0.02874170010909438,6,0,37,1113.3648976413415
r0,rabi_straggler,64,1,64,0,independent_serial,1,photon_integral,1,0.016917499946430326,384,0,2368,3783.064885630711
r0,rabi_straggler,64,1,64,0,independent_rayon,4,photon_integral,1,0.013238799991086125,384,0,2368,4834.275013074608
r0,rabi_straggler,64,1,64,0,shared_serial,1,photon_integral,1,0.044707100139930844,6,0,37,1431.539952260008
r0,rabi_straggler,64,1,64,1,independent_serial,1,photon_integral,1,0.017249400028958917,384,0,2368,3710.273974315309
r0,rabi_straggler,64,1,64,1,independent_rayon,4,photon_integral,1,0.011907400097697973,384,0,2368,5374.808898239084
r0,rabi_straggler,64,1,64,1,shared_serial,1,photon_integral,1,0.04545339988544583,6,0,37,1408.0354860427676
r0,rabi_straggler,128,1,128,0,independent_serial,1,photon_integral,1,0.03379470016807318,768,0,4736,3787.5761395547243
r0,rabi_straggler,128,1,128,0,independent_rayon,4,photon_integral,1,0.02103439997881651,768,0,4736,6085.269849813033
r0,rabi_straggler,128,1,128,0,shared_serial,1,photon_integral,1,0.15787609992548823,6,0,37,810.7623640336399
r0,rabi_straggler,128,1,128,1,independent_serial,1,photon_integral,1,0.05313759995624423,768,0,4736,2408.8404464146042
r0,rabi_straggler,128,1,128,1,independent_rayon,4,photon_integral,1,0.019394899951294065,768,0,4736,6599.67312651487
r0,rabi_straggler,128,1,128,1,shared_serial,1,photon_integral,1,0.16296500014141202,6,0,37,785.4447267138875
r0,detuning_straggler,1,1,1,0,independent_serial,1,photon_integral,1,0.0028358001727610826,6,0,37,352.63415582147593
r0,detuning_straggler,1,1,1,0,independent_rayon,4,photon_integral,1,0.0027522998861968517,6,0,37,363.33250058074424
r0,detuning_straggler,1,1,1,0,shared_serial,1,photon_integral,1,0.0027024000883102417,6,0,37,370.04143254941965
r0,detuning_straggler,1,1,1,1,independent_serial,1,photon_integral,1,0.0023950000759214163,6,0,37,417.53652121087094
r0,detuning_straggler,1,1,1,1,independent_rayon,4,photon_integral,1,0.002828800119459629,6,0,37,353.5067724018001
r0,detuning_straggler,1,1,1,1,shared_serial,1,photon_integral,1,0.002374999923631549,6,0,37,421.052645117953
r0,detuning_straggler,4,1,4,0,independent_serial,1,photon_integral,1,0.003691399935632944,24,0,148,1083.5997371588353
r0,detuning_straggler,4,1,4,0,independent_rayon,4,photon_integral,1,0.002810100093483925,24,0,148,1423.4368410133225
r0,detuning_straggler,4,1,4,0,shared_serial,1,photon_integral,1,0.005030600121244788,6,0,37,795.1337620948149
r0,detuning_straggler,4,1,4,1,independent_serial,1,photon_integral,1,0.003666900098323822,24,0,148,1090.8396445892927
r0,detuning_straggler,4,1,4,1,independent_rayon,4,photon_integral,1,0.0035180000122636557,24,0,148,1137.0096606185632
r0,detuning_straggler,4,1,4,1,shared_serial,1,photon_integral,1,0.004252000013366342,6,0,37,940.7337693851907
r0,detuning_straggler,8,1,8,0,independent_serial,1,photon_integral,1,0.005360800074413419,48,0,296,1492.3145591985844
r0,detuning_straggler,8,1,8,0,independent_rayon,4,photon_integral,1,0.0037333001382648945,48,0,296,2142.876196318391
r0,detuning_straggler,8,1,8,0,shared_serial,1,photon_integral,1,0.00831619999371469,6,0,37,961.9778271381555
r0,detuning_straggler,8,1,8,1,independent_serial,1,photon_integral,1,0.004504400072619319,48,0,296,1776.0411755228442
r0,detuning_straggler,8,1,8,1,independent_rayon,4,photon_integral,1,0.0037372999358922243,48,0,296,2140.582810378616
r0,detuning_straggler,8,1,8,1,shared_serial,1,photon_integral,1,0.007355799898505211,6,0,37,1087.5771650103884
r0,detuning_straggler,16,1,16,0,independent_serial,1,photon_integral,1,0.010021000169217587,96,0,592,1596.6470142519954
r0,detuning_straggler,16,1,16,0,independent_rayon,4,photon_integral,1,0.005638600094243884,96,0,592,2837.583749968979
r0,detuning_straggler,16,1,16,0,shared_serial,1,photon_integral,1,0.015955599956214428,6,0,37,1002.7827248055488
r0,detuning_straggler,16,1,16,1,independent_serial,1,photon_integral,1,0.007681599818170071,96,0,592,2082.899445263156
r0,detuning_straggler,16,1,16,1,independent_rayon,4,photon_integral,1,0.005613800138235092,96,0,592,2850.1192785659446
r0,detuning_straggler,16,1,16,1,shared_serial,1,photon_integral,1,0.015556300058960915,6,0,37,1028.5222025389965
r0,detuning_straggler,32,1,32,0,independent_serial,1,photon_integral,1,0.014220300130546093,192,0,1184,2250.304122010899
r0,detuning_straggler,32,1,32,0,independent_rayon,4,photon_integral,1,0.007992799859493971,192,0,1184,4003.603313298269
r0,detuning_straggler,32,1,32,0,shared_serial,1,photon_integral,1,0.033549000043421984,6,0,37,953.8287268944787
r0,detuning_straggler,32,1,32,1,independent_serial,1,photon_integral,1,0.01655389997176826,192,0,1184,1933.079217258422
r0,detuning_straggler,32,1,32,1,independent_rayon,4,photon_integral,1,0.008006799966096878,192,0,1184,3996.6029044683664
r0,detuning_straggler,32,1,32,1,shared_serial,1,photon_integral,1,0.025933299912139773,6,0,37,1233.9347521685936
r0,detuning_straggler,64,1,64,0,independent_serial,1,photon_integral,1,0.016976600047200918,384,0,2368,3769.8950215035693
r0,detuning_straggler,64,1,64,0,independent_rayon,4,photon_integral,1,0.013051299843937159,384,0,2368,4903.726124239687
r0,detuning_straggler,64,1,64,0,shared_serial,1,photon_integral,1,0.04708359995856881,6,0,37,1359.284337992778
r0,detuning_straggler,64,1,64,1,independent_serial,1,photon_integral,1,0.02290849993005395,384,0,2368,2793.722862492519
r0,detuning_straggler,64,1,64,1,independent_rayon,4,photon_integral,1,0.01591830002143979,384,0,2368,4020.5298250316105
r0,detuning_straggler,64,1,64,1,shared_serial,1,photon_integral,1,0.05141129996627569,6,0,37,1244.8625115875718
r0,detuning_straggler,128,1,128,0,independent_serial,1,photon_integral,1,0.03312569996342063,768,0,4736,3864.0692918593486
r0,detuning_straggler,128,1,128,0,independent_rayon,4,photon_integral,1,0.01883740001358092,768,0,4736,6794.992934678764
r0,detuning_straggler,128,1,128,0,shared_serial,1,photon_integral,1,0.10377769987098873,6,0,37,1233.4056368480244
r0,detuning_straggler,128,1,128,1,independent_serial,1,photon_integral,1,0.03310619993135333,768,0,4736,3866.3452847325193
r0,detuning_straggler,128,1,128,1,independent_rayon,4,photon_integral,1,0.021504399832338095,768,0,4736,5952.270279476245
r0,detuning_straggler,128,1,128,1,shared_serial,1,photon_integral,1,0.11171970004215837,6,0,37,1145.7245226374412
r0,rabi_narrow,4,1,4,0,independent_serial,1,photon_integral,1,0.013511199969798326,297,6,1822,296.05068453884377
r0,rabi_narrow,4,1,4,0,independent_rayon,4,photon_integral,1,0.006460200063884258,297,6,1822,619.1758707848687
r0,rabi_narrow,4,1,4,0,shared_serial,1,photon_integral,1,0.020960599882528186,84,4,529,190.83423291402173
r0,rabi_narrow,4,4,16,0,independent_serial,1,photon_integral,1,0.03706880006939173,921,19,5656,431.629833446145
r0,rabi_narrow,4,4,16,0,independent_rayon,4,photon_integral,1,0.013738800073042512,921,19,5656,1164.5849648394176
r0,rabi_narrow,4,4,16,0,shared_serial,1,photon_integral,1,0.09814110002480447,87,3,541,163.03057532426388
