system,kind,parameter_count,initial_count,repeat,evaluations,trajectory_major_seconds,state_major_seconds,transpose_once_seconds,state_major_speedup,max_abs_rhs_diff
r0,rabi_narrow,1,1,0,1000,0.0039752,0.0082557,3.4e-06,0.4815097447823928,0.0
r0,rabi_narrow,1,1,1,1000,0.0040877,0.0079355,3.3e-06,0.5151156196836998,0.0
r0,rabi_narrow,1,4,0,1000,0.0288296,0.023066,6.6e-06,1.249874273822943,0.0
r0,rabi_narrow,1,4,1,1000,0.028611,0.023051,6.7e-06,1.2412042861481065,0.0
r0,rabi_narrow,4,1,0,1000,0.0163137,0.0324665,7.4e-06,0.5024779387984538,0.0
r0,rabi_narrow,4,1,1,1000,0.0163911,0.0322509,9.4e-06,0.5082369794331321,0.0
r0,rabi_narrow,4,4,0,250,0.0290719,0.0265016,3e-05,1.0969865970356507,0.0
r0,rabi_narrow,4,4,1,250,0.0290381,0.0269564,3.02e-05,1.0772247035954357,0.0
r0,rabi_narrow,8,1,0,500,0.0173646,0.0338632,1.43e-05,0.5127867419499633,0.0
r0,rabi_narrow,8,1,1,500,0.0167475,0.0346881,1.51e-05,0.4828024596331306,0.0
r0,rabi_narrow,8,4,0,125,0.0296556,0.0275121,0.0001255,1.0779111736290576,0.0
r0,rabi_narrow,8,4,1,125,0.0294338,0.0278582,0.0001162,1.056557853701962,0.0
r0,rabi_narrow,16,1,0,250,0.0183308,0.0384007,2.87e-05,0.4773558815334095,0.0
r0,rabi_narrow,16,1,1,250,0.018485,0.0388638,3.01e-05,0.47563542422511446,0.0
r0,rabi_narrow,16,4,0,62,0.0287316,0.0264227,0.0002971,1.0873831970237713,0.0
r0,rabi_narrow,16,4,1,62,0.0291321,0.0265534,0.0002479,1.0971137406132547,0.0
r0,rabi_narrow,32,1,0,125,0.0180169,0.0430396,0.000144,0.41861216182306527,0.0
r0,rabi_narrow,32,1,1,125,0.0176542,0.0422561,0.0001185,0.41779056751569593,0.0
r0,rabi_narrow,32,4,0,31,0.0289899,0.0274436,0.0006017,1.0563446486612544,0.0
r0,rabi_narrow,32,4,1,31,0.0286026,0.0273019,0.0005476,1.04764137294474,0.0
r0,rabi_narrow,64,1,0,62,0.0173571,0.0481197,0.00026,0.3607067375731769,0.0
r0,rabi_narrow,64,1,1,62,0.0171613,0.0455122,0.0004693,0.37707032400103707,0.0
r0,rabi_narrow,64,4,0,15,0.0389005,0.039417,0.001598,0.9868965167313595,0.0
r0,rabi_narrow,64,4,1,15,0.0407539,0.0409081,0.0011624,0.9962305753628254,0.0
r0,rabi_narrow,128,1,0,31,0.0321176,0.0662797,0.0011028,0.48457672560376713,0.0
r0,rabi_narrow,128,1,1,31,0.0295086,0.0678378,0.0014123,0.43498757329984167,0.0
r0,rabi_narrow,128,4,0,7,0.0414658,0.0473182,0.0023199,0.876318203143822,0.0
r0,rabi_narrow,128,4,1,7,0.0442056,0.0490695,0.0027396,0.9008773270565218,0.0
r2_full,rabi_narrow,1,1,0,1000,0.0442503,0.0653471,1.84e-05,0.6771578233770128,0.0
r2_full,rabi_narrow,1,1,1,1000,0.0459549,0.1075369,1.85e-05,0.42734075466188814,0.0
r2_full,rabi_narrow,1,4,0,1000,0.406595,0.3038517,7.02e-05,1.3381363342709618,0.0
r2_full,rabi_narrow,1,4,1,1000,0.4262992,0.2214885,5.54e-05,1.9247012824593601,0.0
r2_full,rabi_narrow,4,1,0,1000,0.2072413,0.3149265,6.2e-05,0.6580624367908067,0.0
r2_full,rabi_narrow,4,1,1,1000,0.1733233,0.289308,4.96e-05,0.599096119015029,0.0
r2_full,rabi_narrow,4,4,0,250,0.3149003,0.2577138,0.0003227,1.2218992541338494,0.0
r2_full,rabi_narrow,4,4,1,250,0.2896762,0.2738985,0.0003187,1.057604185492071,0.0
r2_full,rabi_narrow,8,1,0,500,0.1716299,0.3291741,0.0001762,0.5213955168404805,0.0
r2_full,rabi_narrow,8,1,1,500,0.2004871,0.3357926,0.0003307,0.5970563377513382,0.0
r2_full,rabi_narrow,8,4,0,125,0.2915481,0.2732082,0.0006547,1.0671279266142084,0.0
r2_full,rabi_narrow,8,4,1,125,0.2898171,0.264556,0.0007047,1.0954848878876304,0.0
r2_full,rabi_narrow,16,1,0,250,0.2010614,0.3240879,0.0003956,0.6203915666089355,0.0
r2_full,rabi_narrow,16,1,1,250,0.1718507,0.3661083,0.0003367,0.46939853589771113,0.0
r2_full,rabi_narrow,16,4,0,62,0.2887115,0.2537569,0.0016373,1.137748372556569,0.0
r2_full,rabi_narrow,16,4,1,62,0.3207847,0.2553442,0.0017285,1.2562834793192872,0.0
r2_full,rabi_narrow,32,1,0,125,0.2005191,0.383644,0.0007337,0.5226697146312728,0.0
r2_full,rabi_narrow,32,1,1,125,0.1919018,0.4325742,0.0007747,0.44362747477773756,0.0
r2_full,rabi_narrow,32,4,0,31,0.3237053,0.3269767,0.0041009,0.9899950057603492,0.0
r2_full,rabi_narrow,32,4,1,31,0.328699,0.3192245,0.0041554,1.0296797394936792,0.0
r2_full,rabi_narrow,64,1,0,62,0.2219429,0.4789641,0.0021483,0.46338107595120387,0.0
r2_full,rabi_narrow,64,1,1,62,0.3002008,0.5196125,0.0020776,0.5777397579927349,0.0
r2_full,rabi_narrow,64,4,0,15,0.4435055,0.4588773,0.0139696,0.966501284766102,0.0
r2_full,rabi_narrow,64,4,1,15,0.3231434,0.4104794,0.0081693,0.7872341462202489,0.0
r2_full,rabi_narrow,128,1,0,31,0.239024,0.5656521,0.0048586,0.4225636217031635,0.0
r2_full,rabi_narrow,128,1,1,31,0.2284308,0.5646569,0.004398,0.40454796532195036,0.0
r2_full,rabi_narrow,128,4,0,7,0.2965922,0.5032564,0.0141616,0.5893461066764376,0.0
r2_full,rabi_narrow,128,4,1,7,0.3289583,0.5271553,0.0153078,0.624025405795977,0.0
