system,kind,parameter_count,initial_count,speedup,independent_seconds,batched_seconds,max_abs_rhs_diff
q1_velocity_envelope,velocity_dynamic,1,1,0.9898791711027344,0.0013559499999999999,0.00136995,0.0
q1_velocity_envelope,velocity_dynamic,1,4,1.2302184292259324,0.0053294499999999995,0.0043321,0.0
q1_velocity_envelope,velocity_dynamic,1,8,1.4588299339887907,0.005435199999999999,0.0037261,0.0
q1_velocity_envelope,velocity_dynamic,1,12,1.5995872657444683,0.00543855,0.0034002,0.0
q1_velocity_envelope,velocity_dynamic,4,1,1.006346140004812,0.0053314999999999994,0.00529875,0.0
q1_velocity_envelope,velocity_dynamic,4,4,1.271797546748374,0.0055651,0.00437605,0.0
q1_velocity_envelope,velocity_dynamic,4,8,1.5909000940955733,0.0059774500000000005,0.0037574,0.0
q1_velocity_envelope,velocity_dynamic,4,12,1.7804412651655168,0.00612735,0.0034417,0.0
q1_velocity_envelope,velocity_dynamic,8,1,1.005436273088987,0.0054009999999999996,0.0053717,0.0
q1_velocity_envelope,velocity_dynamic,8,4,1.344795305688727,0.005872250000000001,0.0043671000000000005,0.0
q1_velocity_envelope,velocity_dynamic,8,8,1.4591840901337223,0.0065515,0.00447795,0.0
q1_velocity_envelope,velocity_dynamic,8,12,1.958935899330582,0.0073845000000000004,0.00375535,0.0
q1_velocity_envelope,velocity_dynamic,16,1,1.0118951143058565,0.00557025,0.0055049,0.0
q1_velocity_envelope,velocity_dynamic,16,4,1.3547135785495508,0.0060809,0.0044887,0.0
q1_velocity_envelope,velocity_dynamic,16,8,1.347849086849779,0.00689965,0.0051815,0.0
q1_velocity_envelope,velocity_dynamic,16,12,1.6308496546232654,0.0056187,0.0034472,0.0
q1_velocity_envelope,velocity_dynamic,32,1,0.9694251181995934,0.00610805,0.00630035,0.0
q1_velocity_envelope,velocity_dynamic,32,4,1.2560696820804842,0.00600805,0.00481325,0.0
q1_velocity_envelope,velocity_dynamic,32,8,1.5096435626415903,0.0056324,0.0037309500000000002,0.0
q1_velocity_envelope,velocity_dynamic,32,12,1.6740054505080413,0.00568875,0.00339815,0.0
q1_velocity_envelope,velocity_dynamic,64,1,0.9992581393067252,0.005773,0.005777249999999999,0.0
q1_velocity_envelope,velocity_dynamic,64,4,1.329905381586605,0.00575055,0.0043231499999999996,0.0
q1_velocity_envelope,velocity_dynamic,64,8,1.5885750918032975,0.00553105,0.00348175,0.0
q1_velocity_envelope,velocity_dynamic,64,12,1.8388077262990317,0.0063781,0.0034680500000000003,0.0
q1_velocity_envelope,velocity_dynamic,128,1,0.9185602465896046,0.00581305,0.0063479999999999995,0.0
q1_velocity_envelope,velocity_dynamic,128,4,1.3266476536073117,0.0054966,0.0041461499999999995,0.0
q1_velocity_envelope,velocity_dynamic,128,8,2.0701731184622183,0.0085428,0.0042052,0.0
q1_velocity_envelope,velocity_dynamic,128,12,2.676131254821006,0.01350325,0.005117999999999999,0.0
r0,detuning,1,1,0.9676261697875113,0.0040475,0.00419575,0.0
r0,detuning,1,4,0.5578472429509738,0.0162539,0.029148050000000002,0.0
r0,detuning,1,8,0.8556106196655349,0.02397845,0.02790165,0.0
r0,detuning,4,1,1.0101673015911523,0.016639050000000002,0.0164714,0.0
r0,detuning,4,4,0.8468720933886809,0.0254783,0.030128250000000002,0.0
r0,detuning,4,8,0.6993457654838835,0.01951215,0.02787285,0.0
r0,detuning,8,1,1.0505011735076502,0.0185705,0.0176773,0.0
r0,detuning,8,4,0.6141160153063463,0.01784045,0.029060700000000002,0.0
r0,detuning,8,8,0.6200615899858096,0.017356299999999998,0.02799205,0.0
r0,detuning,16,1,1.0349853146835102,0.019318549999999997,0.01866525,0.0
r0,detuning,16,4,0.6132795657676433,0.01785985,0.0291188,0.0
r0,detuning,16,8,0.6523720206800819,0.01800125,0.027594050000000002,0.0
r0,detuning,32,1,1.0093422562525936,0.017460299999999998,0.017299250000000002,0.0
r0,detuning,32,4,0.6245492879735122,0.018346,0.029375650000000003,0.0
r0,detuning,32,8,0.9497281086262439,0.030361350000000002,0.0313117,0.0
r0,detuning,64,1,0.6857015487886111,0.01846985,0.02716585,0.0
r0,detuning,64,4,0.7816323026988768,0.0252636,0.0327355,0.0
r0,detuning,64,8,1.0781757442579796,0.02922835,0.027104,0.0
r0,detuning,128,1,1.0475622624218937,0.019018649999999998,0.018155249999999998,0.0
r0,detuning,128,4,1.0071153086269016,0.02959415,0.0293878,0.0
r0,detuning,128,8,1.135748295319389,0.0283678,0.02497705,0.0
r0,rabi_narrow,1,1,0.9923474805948014,0.0040795,0.0041139,0.0
r0,rabi_narrow,1,4,0.5479655869924573,0.01635805,0.029863050000000002,0.0
r0,rabi_narrow,1,8,0.6572843060577532,0.0187698,0.02856935,0.0
r0,rabi_narrow,4,1,1.0172946835361891,0.01705045,0.01676395,0.0
r0,rabi_narrow,4,4,0.6204004180149891,0.019223,0.03098565,0.0
r0,rabi_narrow,4,8,0.6282679973221525,0.01762055,0.02804375,0.0
r0,rabi_narrow,8,1,1.0221291028015318,0.017480950000000002,0.01709905,0.0
r0,rabi_narrow,8,4,0.6187215952758648,0.0193668,0.0312705,0.0
r0,rabi_narrow,8,8,0.6240513660179887,0.0172729,0.027678750000000002,0.0
r0,rabi_narrow,16,1,1.0419930347591935,0.0186998,0.017955199999999998,0.0
r0,rabi_narrow,16,4,0.6178453363441881,0.017943399999999998,0.0290226,0.0
r0,rabi_narrow,16,8,0.5635158046636097,0.017542250000000002,0.03151765,0.0
r0,rabi_narrow,32,1,0.9771203943487348,0.0171663,0.0175722,0.0
r0,rabi_narrow,32,4,0.6053198791353315,0.0176207,0.02911685,0.0
r0,rabi_narrow,32,8,0.8141324019274363,0.022121599999999998,0.0271745,0.0
r0,rabi_narrow,64,1,1.550701037880577,0.0280338,0.0180815,0.0
r0,rabi_narrow,64,4,0.9885090206728611,0.02869435,0.029023300000000002,0.0
r0,rabi_narrow,64,8,1.2629173254429082,0.035704349999999996,0.028376449999999998,0.0
r0,rabi_narrow,128,1,1.098703284533212,0.0249932,0.02233275,0.0
r0,rabi_narrow,128,4,0.957459041266407,0.03228125,0.03408825,0.0
r0,rabi_narrow,128,8,1.0505704615151688,0.02624195,0.02495795,0.0
r2_compact,detuning,1,1,0.8652426787016912,0.005523800000000001,0.0063920999999999995,1.1920928955078125e-07
r2_compact,detuning,1,4,0.537447623739133,0.023911,0.04449045,1.1920928955078125e-07
r2_compact,detuning,1,8,0.5398406668090554,0.0247644,0.0458801,1.1920928955078125e-07
r2_compact,detuning,4,1,0.9287788061895582,0.023827599999999997,0.0256546,1.1920928955078125e-07
r2_compact,detuning,4,4,0.5262713374754815,0.0238511,0.04532585,1.1920928955078125e-07
r2_compact,detuning,4,8,0.4784348328339829,0.023697450000000002,0.04984895,1.1920928955078125e-07
r2_compact,detuning,8,1,0.9490750848450005,0.0256774,0.0270531,1.1920928955078125e-07
r2_compact,detuning,8,4,0.524073808339632,0.02396935,0.0457348,1.1920928955078125e-07
r2_compact,detuning,8,8,0.5195234280870443,0.0246321,0.0474853,1.1920928955078125e-07
r2_compact,detuning,16,1,0.9185460547100961,0.025577250000000003,0.0278727,1.1920928955078125e-07
r2_compact,detuning,16,4,0.6227084469475987,0.027951049999999998,0.0448963,1.1920928955078125e-07
r2_compact,detuning,16,8,0.737376650071967,0.03413815,0.046284,1.1920928955078125e-07
r2_compact,detuning,32,1,0.916530462538915,0.024351900000000003,0.026570200000000002,1.1920928955078125e-07
r2_compact,detuning,32,4,0.6614314515861526,0.030605800000000002,0.04623245,1.1920928955078125e-07
r2_compact,detuning,32,8,0.8500573249796498,0.040679549999999995,0.0478752,1.1920928955078125e-07
r2_compact,detuning,64,1,0.9555618781093695,0.0263947,0.02755185,1.1920928955078125e-07
r2_compact,detuning,64,4,0.8065636201855806,0.038025500000000004,0.0471713,1.1920928955078125e-07
r2_compact,detuning,64,8,0.9032504469750762,0.0402244,0.0445412,1.1920928955078125e-07
r2_compact,detuning,128,1,0.926835090537716,0.03019665,0.0327997,1.1920928955078125e-07
r2_compact,detuning,128,4,0.8775019317755168,0.040003,0.0455899,1.1920928955078125e-07
r2_compact,detuning,128,8,0.9778801686099678,0.0387054,0.0395808,1.1920928955078125e-07
r2_compact,rabi_narrow,1,1,0.9587574068670728,0.0067192499999999995,0.00705305,0.0
r2_compact,rabi_narrow,1,4,0.5799382071530956,0.023406200000000002,0.042279,0.0
r2_compact,rabi_narrow,1,8,0.6154975782788086,0.0266099,0.043282749999999995,0.0
r2_compact,rabi_narrow,4,1,0.8505328573311588,0.0233617,0.029143950000000002,0.0
r2_compact,rabi_narrow,4,4,0.6375522814493044,0.0250949,0.0429419,0.0
r2_compact,rabi_narrow,4,8,0.678118664790996,0.0304126,0.04478745,0.0
r2_compact,rabi_narrow,8,1,1.0159978057513104,0.02519865,0.02504975,0.0
r2_compact,rabi_narrow,8,4,0.6391334051102968,0.0241128,0.03750405,0.0
r2_compact,rabi_narrow,8,8,0.6528925767204716,0.02503375,0.04091035,0.0
r2_compact,rabi_narrow,16,1,0.9603112390248547,0.02504545,0.0261173,0.0
r2_compact,rabi_narrow,16,4,0.6475291972702294,0.033196550000000005,0.05094105,0.0
r2_compact,rabi_narrow,16,8,0.6437932636708942,0.026334549999999998,0.041224449999999996,0.0
r2_compact,rabi_narrow,32,1,0.962315613411374,0.02322825,0.02483135,0.0
r2_compact,rabi_narrow,32,4,0.7049146897607574,0.025977,0.0414849,0.0
r2_compact,rabi_narrow,32,8,0.9363288785430919,0.03291605,0.0372078,0.0
r2_compact,rabi_narrow,64,1,0.9374098154281126,0.02418275,0.02707915,0.0
r2_compact,rabi_narrow,64,4,0.9553556651765127,0.034447900000000004,0.0368617,0.0
r2_compact,rabi_narrow,64,8,1.0803515374361465,0.035891400000000004,0.0342045,0.0
r2_compact,rabi_narrow,128,1,0.9903748400648216,0.030295749999999996,0.0286505,0.0
r2_compact,rabi_narrow,128,4,0.9468508790212137,0.0398143,0.0422231,0.0
r2_compact,rabi_narrow,128,8,0.9922402502236769,0.03595595,0.04037375,0.0
r2_full,rabi_narrow,1,1,0.8916111901734167,0.05947545,0.06668940000000001,0.0
r2_full,rabi_narrow,1,4,0.6615426774970362,0.25227014999999997,0.38382475,0.0
r2_full,rabi_narrow,1,8,0.6216097867696548,0.18155215,0.2921893,0.0
r2_full,rabi_narrow,4,1,1.0494512862780496,0.182081,0.17365605,0.0
r2_full,rabi_narrow,4,4,0.6060578061327097,0.17810795000000001,0.29381745000000004,0.0
r2_full,rabi_narrow,4,8,0.7053094888004938,0.2450755,0.37474755000000004,0.0
r2_full,rabi_narrow,8,1,0.9919298831317089,0.17215039999999998,0.1735653,0.0
r2_full,rabi_narrow,8,4,0.6431392810549628,0.19698664999999999,0.30723995,0.0
r2_full,rabi_narrow,8,8,0.7603662775078104,0.22377209999999997,0.294381,0.0
r2_full,rabi_narrow,16,1,0.9579670972487838,0.1724212,0.18055905,0.0
r2_full,rabi_narrow,16,4,0.8354012024605513,0.28474995,0.3382813,0.0
r2_full,rabi_narrow,16,8,0.731256361604486,0.24089555,0.3299743,0.0
r2_full,rabi_narrow,32,1,0.9620460607337373,0.196104,0.20411605,0.0
r2_full,rabi_narrow,32,4,0.7133778935049957,0.29907615,0.4185272,0.0
r2_full,rabi_narrow,32,8,0.7370589973381224,0.31989375,0.4375871,0.0
r2_full,rabi_narrow,64,1,1.0643338808682459,0.23905569999999998,0.22462245,0.0
r2_full,rabi_narrow,64,4,0.9373704887322067,0.4247902,0.4548468,0.0
r2_full,rabi_narrow,64,8,0.690728012112314,0.333152,0.4800137,0.0
r2_full,rabi_narrow,128,1,1.006649912330333,0.24180045,0.24027769999999998,0.0
r2_full,rabi_narrow,128,4,0.8559441310654826,0.40883355,0.47813590000000006,0.0
r2_full,rabi_narrow,128,8,0.7438694241304213,0.2902002,0.38770635,0.0
two_level,detuning,1,1,0.7797770462367201,1.275e-05,1.6349999999999998e-05,0.0
two_level,detuning,1,2,0.3300261202519255,2.485e-05,7.53e-05,0.0
two_level,detuning,4,1,0.8479381443298969,4.935e-05,5.82e-05,0.0
two_level,detuning,4,2,0.3686276034266125,5.515e-05,0.0001496,9.094947017729282e-13
two_level,detuning,8,1,0.9119458802067497,5.23e-05,5.735e-05,0.0
two_level,detuning,8,2,0.33139503231138456,5.175e-05,0.0001566,9.094947017729282e-13
two_level,detuning,16,1,0.8849233811171526,5.19e-05,5.865e-05,4.547473508864641e-13
two_level,detuning,16,2,0.4374284396666879,6.745000000000001e-05,0.00015465,9.094947017729282e-13
two_level,detuning,32,1,0.8947950501541175,6.500000000000001e-05,7.295e-05,4.547473508864641e-13
two_level,detuning,32,2,0.46102626293917504,6.950000000000001e-05,0.00015075,9.094947017729282e-13
two_level,detuning,64,1,0.8860827664399091,6.445e-05,7.275e-05,4.547473508864641e-13
two_level,detuning,64,2,0.4176970892355507,6.610000000000001e-05,0.00015855,9.094947017729282e-13
two_level,detuning,128,1,0.8998324092002581,6.645e-05,7.385e-05,4.547473508864641e-13
two_level,detuning,128,2,0.42250761799886966,6.544999999999999e-05,0.00015515,9.094947017729282e-13
two_level,rabi_narrow,1,1,0.8738448396365612,1.4000000000000001e-05,1.605e-05,0.0
two_level,rabi_narrow,1,2,0.3317584935941027,2.5450000000000002e-05,7.67e-05,0.0
two_level,rabi_narrow,4,1,0.9644052753545644,7.280000000000001e-05,7.47e-05,0.0
two_level,rabi_narrow,4,2,0.3493995389857238,5.2199999999999995e-05,0.0001494,0.0
two_level,rabi_narrow,8,1,1.0065922795571374,5.72e-05,5.685e-05,0.0
two_level,rabi_narrow,8,2,0.3492749722885402,5.24e-05,0.00015010000000000002,0.0
two_level,rabi_narrow,16,1,1.1197884977545995,6.335e-05,5.85e-05,0.0
two_level,rabi_narrow,16,2,0.43447294231406125,6.415e-05,0.00014764999999999998,0.0
two_level,rabi_narrow,32,1,1.0072939318628973,8.765e-05,7.884999999999999e-05,0.0
two_level,rabi_narrow,32,2,0.4029116571033958,6.455e-05,0.00016085,0.0
two_level,rabi_narrow,64,1,1.0048636843521643,6.915e-05,6.955000000000001e-05,0.0
two_level,rabi_narrow,64,2,0.43637133561196473,6.635e-05,0.00015204999999999998,0.0
two_level,rabi_narrow,128,1,1.0044002643573564,7.065000000000001e-05,7.13e-05,0.0
two_level,rabi_narrow,128,2,0.45568442720291347,6.795e-05,0.0001491,0.0
