system,kind,parameter_count,initial_count,trajectories,repeat,evaluations,independent_seconds,batched_seconds,speedup,max_abs_rhs_diff
two_level,rabi_narrow,1,1,1,0,1000,1.26e-05,1.64e-05,0.7682926829268293,0.0
two_level,rabi_narrow,1,1,1,1,1000,1.26e-05,1.63e-05,0.7730061349693251,0.0
two_level,rabi_narrow,1,2,2,0,1000,2.61e-05,7.76e-05,0.33634020618556704,0.0
two_level,rabi_narrow,1,2,2,1,1000,2.48e-05,7.58e-05,0.32717678100263853,0.0
two_level,rabi_narrow,4,1,4,0,1000,8.53e-05,9.01e-05,0.946725860155383,0.0
two_level,rabi_narrow,4,1,4,1,1000,4.93e-05,5.8e-05,0.85,0.0
two_level,rabi_narrow,4,2,8,0,500,5.26e-05,0.0001493,0.3523107836570663,0.0
two_level,rabi_narrow,4,2,8,1,500,5.18e-05,0.0001495,0.3464882943143813,0.0
two_level,rabi_narrow,8,1,8,0,500,5.18e-05,5.76e-05,0.8993055555555556,0.0
two_level,rabi_narrow,8,1,8,1,500,5.15e-05,5.73e-05,0.8987783595113438,0.0
two_level,rabi_narrow,8,2,16,0,250,5.25e-05,0.0001536,0.34179687500000006,0.0
two_level,rabi_narrow,8,2,16,1,250,5.23e-05,0.0001466,0.3567530695770804,0.0
two_level,rabi_narrow,16,1,16,0,250,8.28e-05,7.08e-05,1.1694915254237288,0.0
two_level,rabi_narrow,16,1,16,1,250,5.17e-05,5.85e-05,0.8837606837606838,0.0
two_level,rabi_narrow,16,2,32,0,125,6.4e-05,0.0001474,0.4341926729986431,0.0
two_level,rabi_narrow,16,2,32,1,125,6.43e-05,0.0001479,0.43475321162947944,0.0
two_level,rabi_narrow,32,1,32,0,125,0.0001035,0.0001205,0.8589211618257261,0.0
two_level,rabi_narrow,32,1,32,1,125,6.33e-05,6.96e-05,0.9094827586206896,0.0
two_level,rabi_narrow,32,2,64,0,62,6.48e-05,0.000151,0.4291390728476821,0.0
two_level,rabi_narrow,32,2,64,1,62,6.43e-05,0.0001707,0.37668424135910955,0.0
two_level,rabi_narrow,64,1,64,0,62,6.41e-05,7.25e-05,0.8841379310344828,0.0
two_level,rabi_narrow,64,1,64,1,62,6.43e-05,7.21e-05,0.8918169209431346,0.0
two_level,rabi_narrow,64,2,128,0,31,6.63e-05,0.0001523,0.43532501641497046,0.0
two_level,rabi_narrow,64,2,128,1,31,6.64e-05,0.0001518,0.43741765480895917,0.0
two_level,rabi_narrow,128,1,128,0,31,6.56e-05,7.31e-05,0.8974008207934335,0.0
two_level,rabi_narrow,128,1,128,1,31,6.58e-05,7.31e-05,0.9001367989056087,0.0
two_level,rabi_narrow,128,2,256,0,15,7.04e-05,0.0001496,0.47058823529411764,0.0
two_level,rabi_narrow,128,2,256,1,15,6.55e-05,0.0001486,0.4407806191117093,0.0
two_level,detuning,1,1,1,0,1000,1.25e-05,1.63e-05,0.7668711656441718,0.0
two_level,detuning,1,1,1,1,1000,1.3e-05,1.64e-05,0.7926829268292683,0.0
two_level,detuning,1,2,2,0,1000,2.49e-05,7.49e-05,0.3324432576769025,0.0
two_level,detuning,1,2,2,1,1000,2.48e-05,7.57e-05,0.3276089828269485,0.0
two_level,detuning,4,1,4,0,1000,4.96e-05,5.82e-05,0.852233676975945,0.0
two_level,detuning,4,1,4,1,1000,4.91e-05,5.82e-05,0.8436426116838488,0.0
two_level,detuning,4,2,8,0,500,5.77e-05,0.0001498,0.3851802403204272,9.094947017729282e-13
two_level,detuning,4,2,8,1,500,5.26e-05,0.0001494,0.35207496653279785,9.094947017729282e-13
two_level,detuning,8,1,8,0,500,5.22e-05,5.72e-05,0.9125874125874126,0.0
two_level,detuning,8,1,8,1,500,5.24e-05,5.75e-05,0.9113043478260869,0.0
two_level,detuning,8,2,16,0,250,5.09e-05,0.0001469,0.34649421375085093,9.094947017729282e-13
two_level,detuning,8,2,16,1,250,5.26e-05,0.0001663,0.3162958508719182,9.094947017729282e-13
two_level,detuning,16,1,16,0,250,5.12e-05,5.78e-05,0.8858131487889273,4.547473508864641e-13
two_level,detuning,16,1,16,1,250,5.26e-05,5.95e-05,0.8840336134453781,4.547473508864641e-13
two_level,detuning,16,2,32,0,125,6.27e-05,0.0001592,0.3938442211055277,9.094947017729282e-13
two_level,detuning,16,2,32,1,125,7.22e-05,0.0001501,0.48101265822784817,9.094947017729282e-13
two_level,detuning,32,1,32,0,125,6.3e-05,7.67e-05,0.8213820078226859,4.547473508864641e-13
two_level,detuning,32,1,32,1,125,6.7e-05,6.92e-05,0.9682080924855492,4.547473508864641e-13
two_level,detuning,32,2,64,0,62,6.86e-05,0.0001507,0.4552090245520902,9.094947017729282e-13
two_level,detuning,32,2,64,1,62,7.04e-05,0.0001508,0.46684350132625996,9.094947017729282e-13
two_level,detuning,64,1,64,0,62,6.5e-05,7.2e-05,0.9027777777777777,4.547473508864641e-13
two_level,detuning,64,1,64,1,62,6.39e-05,7.35e-05,0.8693877551020408,4.547473508864641e-13
two_level,detuning,64,2,128,0,31,6.65e-05,0.0001521,0.43721236028928334,9.094947017729282e-13
two_level,detuning,64,2,128,1,31,6.57e-05,0.000165,0.3981818181818182,9.094947017729282e-13
two_level,detuning,128,1,128,0,31,6.59e-05,7.41e-05,0.8893387314439947,4.547473508864641e-13
two_level,detuning,128,1,128,1,31,6.7e-05,7.36e-05,0.9103260869565217,4.547473508864641e-13
two_level,detuning,128,2,256,0,15,6.58e-05,0.0001617,0.4069264069264069,9.094947017729282e-13
two_level,detuning,128,2,256,1,15,6.51e-05,0.0001486,0.4380888290713324,9.094947017729282e-13
r0,rabi_narrow,1,1,1,0,1000,0.0040601,0.0039937,1.016626186243333,0.0
r0,rabi_narrow,1,1,1,1,1000,0.0040989,0.0042341,0.9680687749462695,0.0
r0,rabi_narrow,1,4,4,0,1000,0.0162739,0.0292153,0.5570334721875182,0.0
r0,rabi_narrow,1,4,4,1,1000,0.0164422,0.0305108,0.5388977017973964,0.0
r0,rabi_narrow,1,8,8,0,500,0.0194623,0.0282949,0.687837737542808,0.0
r0,rabi_narrow,1,8,8,1,500,0.0180773,0.0288438,0.6267308745726985,0.0
r0,rabi_narrow,4,1,4,0,1000,0.0178282,0.0166961,1.067806254155162,0.0
r0,rabi_narrow,4,1,4,1,1000,0.0162727,0.0168318,0.9667831129172162,0.0
r0,rabi_narrow,4,4,16,0,250,0.0186176,0.0310111,0.6003527769089133,0.0
r0,rabi_narrow,4,4,16,1,250,0.0198284,0.0309602,0.6404480591210651,0.0
r0,rabi_narrow,4,8,32,0,125,0.0181015,0.0281492,0.6430555752916601,0.0
r0,rabi_narrow,4,8,32,1,125,0.0171396,0.0279383,0.613480419352645,0.0
r0,rabi_narrow,8,1,8,0,500,0.0180226,0.0172571,1.0443585538705806,0.0
r0,rabi_narrow,8,1,8,1,500,0.0169393,0.016941,0.9998996517324833,0.0
r0,rabi_narrow,8,4,32,0,125,0.0169387,0.0310073,0.546281037046115,0.0
r0,rabi_narrow,8,4,32,1,125,0.0217949,0.0315337,0.6911621535056146,0.0
r0,rabi_narrow,8,8,64,0,62,0.0173102,0.0277689,0.6233664279103602,0.0
r0,rabi_narrow,8,8,64,1,62,0.0172356,0.0275886,0.6247363041256171,0.0
r0,rabi_narrow,16,1,16,0,250,0.0192759,0.0177435,1.086364020627272,0.0
r0,rabi_narrow,16,1,16,1,250,0.0181237,0.0181669,0.9976220488911152,0.0
r0,rabi_narrow,16,4,64,0,62,0.0189714,0.0294911,0.6432923831257565,0.0
r0,rabi_narrow,16,4,64,1,62,0.0169154,0.0285541,0.5923982895626198,0.0
r0,rabi_narrow,16,8,128,0,31,0.0175036,0.0349789,0.5004045295878373,0.0
r0,rabi_narrow,16,8,128,1,31,0.0175809,0.0280564,0.6266270797393821,0.0
r0,rabi_narrow,32,1,32,0,125,0.0171663,0.0178355,0.9624793249418294,0.0
r0,rabi_narrow,32,1,32,1,125,0.0171663,0.0173089,0.9917614637556402,0.0
r0,rabi_narrow,32,4,128,0,31,0.017622,0.0286627,0.6148060022258893,0.0
r0,rabi_narrow,32,4,128,1,31,0.0176194,0.029571,0.5958337560447736,0.0
r0,rabi_narrow,32,8,256,0,15,0.0219557,0.0273528,0.8026856482700127,0.0
r0,rabi_narrow,32,8,256,1,15,0.0222875,0.0269962,0.82557915558486,0.0
r0,rabi_narrow,64,1,64,0,62,0.0273918,0.0181962,1.5053582616150627,0.0
r0,rabi_narrow,64,1,64,1,62,0.0286758,0.0179668,1.5960438141460915,0.0
r0,rabi_narrow,64,4,256,0,15,0.0244653,0.0289918,0.843869645899875,0.0
r0,rabi_narrow,64,4,256,1,15,0.0329234,0.0290548,1.1331483954458472,0.0
r0,rabi_narrow,64,8,512,0,7,0.0375628,0.0272349,1.3792156387576235,0.0
r0,rabi_narrow,64,8,512,1,7,0.0338459,0.029518,1.146619012128193,0.0
r0,rabi_narrow,128,1,128,0,31,0.0316964,0.0251989,1.2578485568814513,0.0
r0,rabi_narrow,128,1,128,1,31,0.01829,0.0194666,0.9395580121849733,0.0
r0,rabi_narrow,128,4,512,0,7,0.0321481,0.0375838,0.8553711971647359,0.0
r0,rabi_narrow,128,4,512,1,7,0.0324144,0.0305927,1.059546885368078,0.0
r0,rabi_narrow,128,8,1024,0,3,0.0277691,0.0255908,1.085120433905935,0.0
r0,rabi_narrow,128,8,1024,1,3,0.0247148,0.0243251,1.0160204891244025,0.0
r0,detuning,1,1,1,0,1000,0.0040041,0.0039402,1.016217450890818,0.0
r0,detuning,1,1,1,1,1000,0.0040909,0.0044513,0.9190348886842046,0.0
r0,detuning,1,4,4,0,1000,0.0163023,0.0286179,0.5696539578375771,0.0
r0,detuning,1,4,4,1,1000,0.0162055,0.0296782,0.5460405280643705,0.0
r0,detuning,1,8,8,0,500,0.0177686,0.0273918,0.6486831825582838,0.0
r0,detuning,1,8,8,1,500,0.0301883,0.0284115,1.0625380567727858,0.0
r0,detuning,4,1,4,0,1000,0.0164362,0.0164555,0.9988271398620522,0.0
r0,detuning,4,1,4,1,1000,0.0168419,0.0164873,1.0215074633202526,0.0
r0,detuning,4,4,16,0,250,0.0191406,0.0302978,0.631748839849758,0.0
r0,detuning,4,4,16,1,250,0.031816,0.0299587,1.0619953469276036,0.0
r0,detuning,4,8,32,0,125,0.0211513,0.0282698,0.7481941860218325,0.0
r0,detuning,4,8,32,1,125,0.017873,0.0274759,0.6504973449459344,0.0
r0,detuning,8,1,8,0,500,0.0183808,0.0175748,1.0458611193299496,0.0
r0,detuning,8,1,8,1,500,0.0187602,0.0177798,1.055141227685351,0.0
r0,detuning,8,4,32,0,125,0.0183573,0.0287959,0.6374970047819308,0.0
r0,detuning,8,4,32,1,125,0.0173236,0.0293255,0.5907350258307617,0.0
r0,detuning,8,8,64,0,62,0.0174944,0.027917,0.6266575921481534,0.0
r0,detuning,8,8,64,1,62,0.0172182,0.0280671,0.6134655878234658,0.0
r0,detuning,16,1,16,0,250,0.0194833,0.0187117,1.0412362318763124,0.0
r0,detuning,16,1,16,1,250,0.0191538,0.0186188,1.0287343974907082,0.0
r0,detuning,16,4,64,0,62,0.0183514,0.0292529,0.6273360931736683,0.0
r0,detuning,16,4,64,1,62,0.0173683,0.0289847,0.5992230383616184,0.0
r0,detuning,16,8,128,0,31,0.0180162,0.0277253,0.6498108226060674,0.0
r0,detuning,16,8,128,1,31,0.0179863,0.0274628,0.6549332187540965,0.0
r0,detuning,32,1,32,0,125,0.017523,0.0172272,1.0171705210365003,0.0
r0,detuning,32,1,32,1,125,0.0173976,0.0173713,1.0015139914686868,0.0
r0,detuning,32,4,128,0,31,0.0182829,0.0294925,0.6199169280325506,0.0
r0,detuning,32,4,128,1,31,0.0184091,0.0292588,0.6291816479144736,0.0
r0,detuning,32,8,256,0,15,0.0216377,0.027446,0.788373533483932,0.0
r0,detuning,32,8,256,1,15,0.039085,0.0351774,1.1110826837685561,0.0
r0,detuning,64,1,64,0,62,0.0181657,0.0244338,0.7434660183843692,0.0
r0,detuning,64,1,64,1,62,0.018774,0.0298979,0.6279370791928529,0.0
r0,detuning,64,4,256,0,15,0.0253777,0.0291268,0.8712834914923713,0.0
r0,detuning,64,4,256,1,15,0.0251495,0.0363442,0.6919811139053824,0.0
r0,detuning,64,8,512,0,7,0.0284277,0.0267173,1.064018444977599,0.0
r0,detuning,64,8,512,1,7,0.030029,0.0274907,1.0923330435383602,0.0
r0,detuning,128,1,128,0,31,0.0189261,0.0180497,1.0485548236258777,0.0
r0,detuning,128,1,128,1,31,0.0191112,0.0182608,1.0465697012179094,0.0
r0,detuning,128,4,512,0,7,0.0295667,0.0290904,1.016373099029233,0.0
r0,detuning,128,4,512,1,7,0.0296216,0.0296852,0.9978575182245699,0.0
r0,detuning,128,8,1024,0,3,0.0281022,0.0249611,1.1258398067392863,0.0
r0,detuning,128,8,1024,1,3,0.0286334,0.024993,1.1456567838994918,0.0
r2_compact,rabi_narrow,1,1,1,0,1000,0.0057634,0.0058346,0.9877969355225723,0.0
r2_compact,rabi_narrow,1,1,1,1,1000,0.0053041,0.0058508,0.9065597866958365,0.0
r2_compact,rabi_narrow,1,4,4,0,1000,0.0228757,0.0425322,0.5378442685776894,0.0
r2_compact,rabi_narrow,1,4,4,1,1000,0.0232933,0.0420258,0.5542619057816864,0.0
r2_compact,rabi_narrow,1,8,8,0,500,0.0237106,0.0437013,0.5425605187946354,0.0
r2_compact,rabi_narrow,1,8,8,1,500,0.023225,0.0517717,0.4486041601879019,0.0
r2_compact,rabi_narrow,4,1,4,0,1000,0.0230199,0.024392,0.9437479501475893,0.0
r2_compact,rabi_narrow,4,1,4,1,1000,0.0228859,0.0262696,0.8711933185126535,0.0
r2_compact,rabi_narrow,4,4,16,0,250,0.0243715,0.0433473,0.5622380171314015,0.0
r2_compact,rabi_narrow,4,4,16,1,250,0.0248855,0.0425365,0.5850387314424084,0.0
r2_compact,rabi_narrow,4,8,32,0,125,0.0277866,0.0479927,0.5789755525319477,0.0
r2_compact,rabi_narrow,4,8,32,1,125,0.0249727,0.0470685,0.5305607784399333,0.0
r2_compact,rabi_narrow,8,1,8,0,500,0.0286241,0.0283833,1.0084838619892682,0.0
r2_compact,rabi_narrow,8,1,8,1,500,0.0240871,0.0254063,0.9480758709453955,0.0
r2_compact,rabi_narrow,8,4,32,0,125,0.0268127,0.0543932,0.49294213247244134,0.0
r2_compact,rabi_narrow,8,4,32,1,125,0.0228438,0.0426866,0.5351515463869224,0.0
r2_compact,rabi_narrow,8,8,64,0,62,0.029329,0.046278,0.6337568607113532,0.0
r2_compact,rabi_narrow,8,8,64,1,62,0.0261818,0.048347,0.5415392888907274,0.0
r2_compact,rabi_narrow,16,1,16,0,250,0.0242053,0.0270531,0.8947329511220525,0.0
r2_compact,rabi_narrow,16,1,16,1,250,0.0246665,0.0269193,0.9163128313143358,0.0
r2_compact,rabi_narrow,16,4,64,0,62,0.0316214,0.0517641,0.6108751045608829,0.0
r2_compact,rabi_narrow,16,4,64,1,62,0.0234896,0.0428958,0.5475967344122269,0.0
r2_compact,rabi_narrow,16,8,128,0,31,0.0251361,0.0431546,0.5824662955976884,0.0
r2_compact,rabi_narrow,16,8,128,1,31,0.025528,0.0432981,0.5895870719500393,0.0
r2_compact,rabi_narrow,32,1,32,0,125,0.0227148,0.024744,0.9179922405431621,0.0
r2_compact,rabi_narrow,32,1,32,1,125,0.0231264,0.0249187,0.9280740969633248,0.0
r2_compact,rabi_narrow,32,4,128,0,31,0.0251801,0.0429385,0.5864224413987448,0.0
r2_compact,rabi_narrow,32,4,128,1,31,0.0251224,0.0433304,0.5797869394235917,0.0
r2_compact,rabi_narrow,32,8,256,0,15,0.0328337,0.0476109,0.6896256949564071,0.0
r2_compact,rabi_narrow,32,8,256,1,15,0.0328202,0.0459166,0.7147785332537687,0.0
r2_compact,rabi_narrow,64,1,64,0,62,0.0233957,0.024866,0.9408710689294619,0.0
r2_compact,rabi_narrow,64,1,64,1,62,0.0230845,0.0247171,0.9339485619267633,0.0
r2_compact,rabi_narrow,64,4,256,0,15,0.0338477,0.0420007,0.8058841876444917,0.0
r2_compact,rabi_narrow,64,4,256,1,15,0.032652,0.0421179,0.7752523273952405,0.0
r2_compact,rabi_narrow,64,8,512,0,7,0.0342193,0.0439044,0.7794047976968139,0.0
r2_compact,rabi_narrow,64,8,512,1,7,0.036988,0.0404279,0.9149127211653337,0.0
r2_compact,rabi_narrow,128,1,128,0,31,0.0284922,0.0273116,1.0432270537061175,0.0
r2_compact,rabi_narrow,128,1,128,1,31,0.0320993,0.0288906,1.1110638062207083,0.0
r2_compact,rabi_narrow,128,4,512,0,7,0.0369235,0.0420122,0.8788756599273544,0.0
r2_compact,rabi_narrow,128,4,512,1,7,0.0364386,0.042365,0.8601109406349582,0.0
r2_compact,rabi_narrow,128,8,1024,0,3,0.0367779,0.0520451,0.7066544208772777,0.0
r2_compact,rabi_narrow,128,8,1024,1,3,0.0431847,0.0487881,0.8851482226198601,0.0
r2_compact,detuning,1,1,1,0,1000,0.0055383,0.0066267,0.8357553533432931,1.1920928955078125e-07
r2_compact,detuning,1,1,1,1,1000,0.0055093,0.0061575,0.8947300040600894,1.1920928955078125e-07
r2_compact,detuning,1,4,4,0,1000,0.0238765,0.0446157,0.5351591480129192,1.1920928955078125e-07
r2_compact,detuning,1,4,4,1,1000,0.0239455,0.0443652,0.5397360994653467,1.1920928955078125e-07
r2_compact,detuning,1,8,8,0,500,0.0252005,0.0456026,0.5526110353357045,1.1920928955078125e-07
r2_compact,detuning,1,8,8,1,500,0.0243283,0.0461576,0.5270702982824064,1.1920928955078125e-07
r2_compact,detuning,4,1,4,0,1000,0.0236369,0.0256317,0.9221744948637819,1.1920928955078125e-07
r2_compact,detuning,4,1,4,1,1000,0.0240183,0.0256775,0.9353831175153344,1.1920928955078125e-07
r2_compact,detuning,4,4,16,0,250,0.0241678,0.0450663,0.536272114639986,1.1920928955078125e-07
r2_compact,detuning,4,4,16,1,250,0.0235344,0.0455854,0.5162705603109768,1.1920928955078125e-07
r2_compact,detuning,4,8,32,0,125,0.0234761,0.045631,0.5144770002848941,1.1920928955078125e-07
r2_compact,detuning,4,8,32,1,125,0.0239188,0.0540669,0.4423926653830717,1.1920928955078125e-07
r2_compact,detuning,8,1,8,0,500,0.0265019,0.0271237,0.9770753990052978,1.1920928955078125e-07
r2_compact,detuning,8,1,8,1,500,0.0248529,0.0269825,0.9210747706847031,1.1920928955078125e-07
r2_compact,detuning,8,4,32,0,125,0.0242739,0.046075,0.5268345089527944,1.1920928955078125e-07
r2_compact,detuning,8,4,32,1,125,0.0236648,0.0453946,0.5213131077264697,1.1920928955078125e-07
r2_compact,detuning,8,8,64,0,62,0.0248446,0.0458241,0.5421732232602495,1.1920928955078125e-07
r2_compact,detuning,8,8,64,1,62,0.0244196,0.0491465,0.4968736329138392,1.1920928955078125e-07
r2_compact,detuning,16,1,16,0,250,0.0256274,0.0270267,0.9482252735258097,1.1920928955078125e-07
r2_compact,detuning,16,1,16,1,250,0.0255271,0.0287187,0.8888668358943824,1.1920928955078125e-07
r2_compact,detuning,16,4,64,0,62,0.0308899,0.0448026,0.6894666827371626,1.1920928955078125e-07
r2_compact,detuning,16,4,64,1,62,0.0250122,0.04499,0.555950211158035,1.1920928955078125e-07
r2_compact,detuning,16,8,128,0,31,0.0356349,0.046636,0.7641071275409554,1.1920928955078125e-07
r2_compact,detuning,16,8,128,1,31,0.0326414,0.045932,0.7106461726029784,1.1920928955078125e-07
r2_compact,detuning,32,1,32,0,125,0.0246308,0.0265285,0.9284656124545301,1.1920928955078125e-07
r2_compact,detuning,32,1,32,1,125,0.024073,0.0266119,0.9045953126233001,1.1920928955078125e-07
r2_compact,detuning,32,4,128,0,31,0.0324332,0.0473369,0.6851568226901212,1.1920928955078125e-07
r2_compact,detuning,32,4,128,1,31,0.0287784,0.045128,0.637706080482184,1.1920928955078125e-07
r2_compact,detuning,32,8,256,0,15,0.0393648,0.0458521,0.8585168400138706,1.1920928955078125e-07
r2_compact,detuning,32,8,256,1,15,0.0419943,0.0498983,0.841597809945429,1.1920928955078125e-07
r2_compact,detuning,64,1,64,0,62,0.0291011,0.0292283,0.9956480534276713,1.1920928955078125e-07
r2_compact,detuning,64,1,64,1,62,0.0236883,0.0258754,0.9154757027910679,1.1920928955078125e-07
r2_compact,detuning,64,4,256,0,15,0.0400973,0.0467566,0.8575751872462926,1.1920928955078125e-07
r2_compact,detuning,64,4,256,1,15,0.0359537,0.047586,0.7555520531248686,1.1920928955078125e-07
r2_compact,detuning,64,8,512,0,7,0.0407206,0.0441501,0.9223218067456247,1.1920928955078125e-07
r2_compact,detuning,64,8,512,1,7,0.0397282,0.0449323,0.8841790872045276,1.1920928955078125e-07
r2_compact,detuning,128,1,128,0,31,0.0289284,0.0293476,0.985716038108738,1.1920928955078125e-07
r2_compact,detuning,128,1,128,1,31,0.0314649,0.0362518,0.8679541429666939,1.1920928955078125e-07
r2_compact,detuning,128,4,512,0,7,0.0417376,0.0476235,0.8764076558841748,1.1920928955078125e-07
r2_compact,detuning,128,4,512,1,7,0.0382684,0.0435563,0.8785962076668588,1.1920928955078125e-07
r2_compact,detuning,128,8,1024,0,3,0.0374774,0.0395769,0.9469513782029417,1.1920928955078125e-07
r2_compact,detuning,128,8,1024,1,3,0.0399334,0.0395847,1.008808959016994,1.1920928955078125e-07
r2_full,rabi_narrow,1,1,1,0,1000,0.0566177,0.0663069,0.8538734279539535,0.0
r2_full,rabi_narrow,1,1,1,1,1000,0.0623332,0.0670719,0.9293489523928798,0.0
r2_full,rabi_narrow,1,4,4,0,1000,0.2555512,0.4173099,0.6123775160857674,0.0
r2_full,rabi_narrow,1,4,4,1,1000,0.2489891,0.3503396,0.710707838908305,0.0
r2_full,rabi_narrow,1,8,8,0,500,0.1708664,0.2940537,0.5810720966952635,0.0
r2_full,rabi_narrow,1,8,8,1,500,0.1922379,0.2903249,0.6621474768440461,0.0
r2_full,rabi_narrow,4,1,4,0,1000,0.1729514,0.1760754,0.982257601005024,0.0
r2_full,rabi_narrow,4,1,4,1,1000,0.1912106,0.1712367,1.1166449715510753,0.0
r2_full,rabi_narrow,4,4,16,0,250,0.1832908,0.2983362,0.6143766663247705,0.0
r2_full,rabi_narrow,4,4,16,1,250,0.1729251,0.2892987,0.5977389459406488,0.0
r2_full,rabi_narrow,4,8,32,0,125,0.2053783,0.4515501,0.45482948625191316,0.0
r2_full,rabi_narrow,4,8,32,1,125,0.2847727,0.297945,0.9557894913490744,0.0
r2_full,rabi_narrow,8,1,8,0,500,0.1728258,0.1755188,0.9846569142450837,0.0
r2_full,rabi_narrow,8,1,8,1,500,0.171475,0.1716118,0.9992028520183343,0.0
r2_full,rabi_narrow,8,4,32,0,125,0.1922015,0.3210107,0.598738609024559,0.0
r2_full,rabi_narrow,8,4,32,1,125,0.2017718,0.2934692,0.6875399530853664,0.0
r2_full,rabi_narrow,8,8,64,0,62,0.2238488,0.2894037,0.773482854573041,0.0
r2_full,rabi_narrow,8,8,64,1,62,0.2236954,0.2993583,0.7472497004425799,0.0
r2_full,rabi_narrow,16,1,16,0,250,0.1723678,0.1703641,1.0117612806923524,0.0
r2_full,rabi_narrow,16,1,16,1,250,0.1724746,0.190754,0.9041729138052151,0.0
r2_full,rabi_narrow,16,4,64,0,62,0.3362942,0.3781525,0.8893084139335321,0.0
r2_full,rabi_narrow,16,4,64,1,62,0.2332057,0.2984101,0.7814939909875704,0.0
r2_full,rabi_narrow,16,8,128,0,31,0.2469318,0.3200429,0.7715584379469127,0.0
r2_full,rabi_narrow,16,8,128,1,31,0.2348593,0.3399057,0.6909542852620595,0.0
r2_full,rabi_narrow,32,1,32,0,125,0.2010637,0.2146233,0.936821398235886,0.0
r2_full,rabi_narrow,32,1,32,1,125,0.1911443,0.1936088,0.9872707232315886,0.0
r2_full,rabi_narrow,32,4,128,0,31,0.2545199,0.3612758,0.7045030417204807,0.0
r2_full,rabi_narrow,32,4,128,1,31,0.3436324,0.4757786,0.7222527452895108,0.0
r2_full,rabi_narrow,32,8,256,0,15,0.2631286,0.3438841,0.7651665197663979,0.0
r2_full,rabi_narrow,32,8,256,1,15,0.3766589,0.5312901,0.7089514749098469,0.0
r2_full,rabi_narrow,64,1,64,0,62,0.2401089,0.2231283,1.0761024038636067,0.0
r2_full,rabi_narrow,64,1,64,1,62,0.2380025,0.2261166,1.052565357872885,0.0
r2_full,rabi_narrow,64,4,256,0,15,0.4667809,0.4417008,1.0567807438881704,0.0
r2_full,rabi_narrow,64,4,256,1,15,0.3827995,0.4679928,0.8179602335762431,0.0
r2_full,rabi_narrow,64,8,512,0,7,0.2814551,0.4597179,0.6122343724270907,0.0
r2_full,rabi_narrow,64,8,512,1,7,0.3848489,0.5003095,0.7692216517975373,0.0
r2_full,rabi_narrow,128,1,128,0,31,0.2369696,0.2330123,1.0169832236324006,0.0
r2_full,rabi_narrow,128,1,128,1,31,0.2466313,0.2475431,0.9963166010282655,0.0
r2_full,rabi_narrow,128,4,512,0,7,0.4356792,0.5157907,0.8446821549903865,0.0
r2_full,rabi_narrow,128,4,512,1,7,0.3819879,0.4404811,0.8672061071405788,0.0
r2_full,rabi_narrow,128,8,1024,0,3,0.2289256,0.3189598,0.7177255566375449,0.0
r2_full,rabi_narrow,128,8,1024,1,3,0.3514748,0.4564529,0.7700132916232978,0.0
q1_velocity_envelope,velocity_dynamic,1,1,1,0,1000,0.0013644,0.0013599,1.0033090668431501,0.0
q1_velocity_envelope,velocity_dynamic,1,1,1,1,1000,0.0013475,0.00138,0.9764492753623188,0.0
q1_velocity_envelope,velocity_dynamic,1,4,4,0,1000,0.0053844,0.0043338,1.2424200470718538,0.0
q1_velocity_envelope,velocity_dynamic,1,4,4,1,1000,0.0052745,0.0043304,1.218016811380011,0.0
q1_velocity_envelope,velocity_dynamic,1,8,8,0,500,0.0054604,0.0036964,1.4772210799697003,0.0
q1_velocity_envelope,velocity_dynamic,1,8,8,1,500,0.00541,0.0037558,1.440438788007881,0.0
q1_velocity_envelope,velocity_dynamic,1,12,12,0,333,0.0054018,0.0034189,1.5799818655122992,0.0
q1_velocity_envelope,velocity_dynamic,1,12,12,1,333,0.0054753,0.0033815,1.6191926659766376,0.0
q1_velocity_envelope,velocity_dynamic,4,1,4,0,1000,0.0054215,0.0054248,0.9993916826426782,0.0
q1_velocity_envelope,velocity_dynamic,4,1,4,1,1000,0.0052415,0.0051727,1.0133005973669458,0.0
q1_velocity_envelope,velocity_dynamic,4,4,16,0,250,0.0055699,0.0043432,1.2824415177749124,0.0
q1_velocity_envelope,velocity_dynamic,4,4,16,1,250,0.0055603,0.0044089,1.2611535757218353,0.0
q1_velocity_envelope,velocity_dynamic,4,8,32,0,125,0.0059522,0.0037725,1.577786613651425,0.0
q1_velocity_envelope,velocity_dynamic,4,8,32,1,125,0.0060027,0.0037423,1.6040135745397215,0.0
q1_velocity_envelope,velocity_dynamic,4,12,48,0,83,0.006169,0.0034234,1.8020096979610913,0.0
q1_velocity_envelope,velocity_dynamic,4,12,48,1,83,0.0060857,0.00346,1.7588728323699423,0.0
q1_velocity_envelope,velocity_dynamic,8,1,8,0,500,0.0054572,0.0054157,1.0076629059955315,0.0
q1_velocity_envelope,velocity_dynamic,8,1,8,1,500,0.0053448,0.0053277,1.0032096401824426,0.0
q1_velocity_envelope,velocity_dynamic,8,4,32,0,125,0.0057907,0.0043905,1.318915841020385,0.0
q1_velocity_envelope,velocity_dynamic,8,4,32,1,125,0.0059538,0.0043437,1.370674770357069,0.0
q1_velocity_envelope,velocity_dynamic,8,8,64,0,62,0.0057267,0.0040321,1.4202772748691748,0.0
q1_velocity_envelope,velocity_dynamic,8,8,64,1,62,0.0073763,0.0049238,1.4980909053982696,0.0
q1_velocity_envelope,velocity_dynamic,8,12,96,0,41,0.0090825,0.0038225,2.3760627861347285,0.0
q1_velocity_envelope,velocity_dynamic,8,12,96,1,41,0.0056865,0.0036882,1.5418090125264357,0.0
q1_velocity_envelope,velocity_dynamic,16,1,16,0,250,0.005552,0.0055241,1.0050505964772543,0.0
q1_velocity_envelope,velocity_dynamic,16,1,16,1,250,0.0055885,0.0054857,1.0187396321344586,0.0
q1_velocity_envelope,velocity_dynamic,16,4,64,0,62,0.0060867,0.0044871,1.3564886006552115,0.0
q1_velocity_envelope,velocity_dynamic,16,4,64,1,62,0.0060751,0.0044903,1.35293855644389,0.0
q1_velocity_envelope,velocity_dynamic,16,8,128,0,31,0.0058517,0.0041036,1.4259918120674528,0.0
q1_velocity_envelope,velocity_dynamic,16,8,128,1,31,0.0079476,0.0062594,1.2697063616321054,0.0
q1_velocity_envelope,velocity_dynamic,16,12,192,0,20,0.0057055,0.0033878,1.6841312946454927,0.0
q1_velocity_envelope,velocity_dynamic,16,12,192,1,20,0.0055319,0.0035066,1.5775680146010382,0.0
q1_velocity_envelope,velocity_dynamic,32,1,32,0,125,0.0059935,0.0062048,0.9659457194430118,0.0
q1_velocity_envelope,velocity_dynamic,32,1,32,1,125,0.0062226,0.0063959,0.972904516956175,0.0
q1_velocity_envelope,velocity_dynamic,32,4,128,0,31,0.0061617,0.0044893,1.37253023856726,0.0
q1_velocity_envelope,velocity_dynamic,32,4,128,1,31,0.0058544,0.0051372,1.1396091255937086,0.0
q1_velocity_envelope,velocity_dynamic,32,8,256,0,15,0.0056438,0.0037398,1.5091181346596074,0.0
q1_velocity_envelope,velocity_dynamic,32,8,256,1,15,0.005621,0.0037221,1.510168990623573,0.0
q1_velocity_envelope,velocity_dynamic,32,12,384,0,10,0.0057609,0.0034188,1.6850649350649352,0.0
q1_velocity_envelope,velocity_dynamic,32,12,384,1,10,0.0056166,0.0033775,1.6629459659511474,0.0
q1_velocity_envelope,velocity_dynamic,64,1,64,0,62,0.0057442,0.005763,0.9967378101683151,0.0
q1_velocity_envelope,velocity_dynamic,64,1,64,1,62,0.0058018,0.0057915,1.0017784684451352,0.0
q1_velocity_envelope,velocity_dynamic,64,4,256,0,15,0.0059308,0.0043628,1.3594022187585955,0.0
q1_velocity_envelope,velocity_dynamic,64,4,256,1,15,0.0055703,0.0042835,1.3004085444146143,0.0
q1_velocity_envelope,velocity_dynamic,64,8,512,0,7,0.0056278,0.0034828,1.6158837716779602,0.0
q1_velocity_envelope,velocity_dynamic,64,8,512,1,7,0.0054343,0.0034807,1.561266411928635,0.0
q1_velocity_envelope,velocity_dynamic,64,12,768,0,5,0.0061536,0.0034494,1.783962428248391,0.0
q1_velocity_envelope,velocity_dynamic,64,12,768,1,5,0.0066026,0.0034867,1.8936530243496716,0.0
q1_velocity_envelope,velocity_dynamic,128,1,128,0,31,0.0058063,0.0059919,0.9690248502144563,0.0
q1_velocity_envelope,velocity_dynamic,128,1,128,1,31,0.0058198,0.0067041,0.8680956429647528,0.0
q1_velocity_envelope,velocity_dynamic,128,4,512,0,7,0.00553,0.0040479,1.3661404678969342,0.0
q1_velocity_envelope,velocity_dynamic,128,4,512,1,7,0.0054632,0.0042444,1.2871548393176893,0.0
q1_velocity_envelope,velocity_dynamic,128,8,1024,0,3,0.0100571,0.0052523,1.9147992308131676,0.0
q1_velocity_envelope,velocity_dynamic,128,8,1024,1,3,0.0070285,0.0031581,2.2255470061112694,0.0
q1_velocity_envelope,velocity_dynamic,128,12,1536,0,3,0.0124607,0.0055615,2.2405286343612336,0.0
q1_velocity_envelope,velocity_dynamic,128,12,1536,1,3,0.0145458,0.0046745,3.1117338752807786,0.0
r2_compact,rabi_narrow,1,1,1,0,1000,0.0076751,0.0082553,0.9297178782115731,0.0
r2_compact,rabi_narrow,1,1,1,1,1000,0.0082997,0.0083374,0.9954782066351621,0.0
r2_compact,rabi_narrow,1,4,4,0,1000,0.0319379,0.0480551,0.664609999771096,0.0
r2_compact,rabi_narrow,1,4,4,1,1000,0.0235191,0.0388351,0.6056145085245049,0.0
r2_compact,rabi_narrow,1,8,8,0,500,0.0348255,0.034803,1.000646495991725,0.0
r2_compact,rabi_narrow,1,8,8,1,500,0.0295092,0.0428642,0.6884346377629817,0.0
r2_compact,rabi_narrow,4,1,4,0,1000,0.0237035,0.0320183,0.7403110096413613,0.0
r2_compact,rabi_narrow,4,1,4,1,1000,0.0280106,0.0337529,0.8298723961496641,0.0
r2_compact,rabi_narrow,4,4,16,0,250,0.0358176,0.0497717,0.7196378664984318,0.0
r2_compact,rabi_narrow,4,4,16,1,250,0.0253043,0.0366694,0.6900658314562005,0.0
r2_compact,rabi_narrow,4,8,32,0,125,0.0362409,0.0357314,1.0142591670071701,0.0
r2_compact,rabi_narrow,4,8,32,1,125,0.0330386,0.0425064,0.7772617770500443,0.0
r2_compact,rabi_narrow,8,1,8,0,500,0.0262632,0.0246932,1.0635802569128343,0.0
r2_compact,rabi_narrow,8,1,8,1,500,0.0241341,0.0235797,1.0235117495133526,0.0
r2_compact,rabi_narrow,8,4,32,0,125,0.024207,0.0321146,0.753769313645507,0.0
r2_compact,rabi_narrow,8,4,32,1,125,0.0240186,0.0323215,0.7431152638336711,0.0
r2_compact,rabi_narrow,8,8,64,0,62,0.023504,0.0294646,0.7977030063194478,0.0
r2_compact,rabi_narrow,8,8,64,1,62,0.0238857,0.0355427,0.67202829272959,0.0
r2_compact,rabi_narrow,16,1,16,0,250,0.0254244,0.0253153,1.0043096467353736,0.0
r2_compact,rabi_narrow,16,1,16,1,250,0.0261321,0.0243949,1.071211605704471,0.0
r2_compact,rabi_narrow,16,4,64,0,62,0.0375506,0.0510599,0.735422513557606,0.0
r2_compact,rabi_narrow,16,4,64,1,62,0.0347717,0.0508222,0.6841832899795759,0.0
r2_compact,rabi_narrow,16,8,128,0,31,0.0271411,0.0301895,0.8990244952715348,0.0
r2_compact,rabi_narrow,16,8,128,1,31,0.0274274,0.0392943,0.697999455391749,0.0
r2_compact,rabi_narrow,32,1,32,0,125,0.0374524,0.0267892,1.3980410015976588,0.0
r2_compact,rabi_narrow,32,1,32,1,125,0.0233301,0.0234107,0.9965571298594232,0.0
r2_compact,rabi_narrow,32,4,128,0,31,0.0353082,0.0400313,0.8820148234006889,0.0
r2_compact,rabi_narrow,32,4,128,1,31,0.0267739,0.032516,0.8234069381227702,0.0
r2_compact,rabi_narrow,32,8,256,0,15,0.0335968,0.0284858,1.1794227299215752,0.0
r2_compact,rabi_narrow,32,8,256,1,15,0.0329984,0.028499,1.1578792238324151,0.0
r2_compact,rabi_narrow,64,1,64,0,62,0.0347295,0.0310556,1.1183007251510195,0.0
r2_compact,rabi_narrow,64,1,64,1,62,0.0249698,0.0292923,0.8524356230135565,0.0
r2_compact,rabi_narrow,64,4,256,0,15,0.035402,0.0315785,1.1210792152888833,0.0
r2_compact,rabi_narrow,64,4,256,1,15,0.0350481,0.0317227,1.1048271427085337,0.0
r2_compact,rabi_narrow,64,8,512,0,7,0.0371829,0.0279811,1.3288576932286436,0.0
r2_compact,rabi_narrow,64,8,512,1,7,0.0347948,0.0279299,1.2457903537069592,0.0
r2_compact,rabi_narrow,128,1,128,0,31,0.0259081,0.0284104,0.9119230985836173,0.0
r2_compact,rabi_narrow,128,1,128,1,31,0.0362555,0.0386716,0.9375226264235254,0.0
r2_compact,rabi_narrow,128,4,512,0,7,0.0466819,0.0456548,1.022497086834243,0.0
r2_compact,rabi_narrow,128,4,512,1,7,0.0427051,0.0420812,1.014826098115073,0.0
r2_compact,rabi_narrow,128,8,1024,0,3,0.03463,0.0249978,1.385321908327933,0.0
r2_compact,rabi_narrow,128,8,1024,1,3,0.035134,0.0319594,1.0993322778274937,0.0
two_level,rabi_narrow,1,1,1,0,1000,1.54e-05,1.58e-05,0.9746835443037974,0.0
two_level,rabi_narrow,1,1,1,1,1000,1.54e-05,1.57e-05,0.9808917197452232,0.0
two_level,rabi_narrow,4,1,4,0,1000,9.13e-05,8.8e-05,1.0375,0.0
two_level,rabi_narrow,4,1,4,1,1000,6.03e-05,6.14e-05,0.9820846905537459,0.0
two_level,rabi_narrow,8,1,8,0,500,6.26e-05,5.62e-05,1.113879003558719,0.0
two_level,rabi_narrow,8,1,8,1,500,6.37e-05,5.64e-05,1.1294326241134751,0.0
two_level,rabi_narrow,16,1,16,0,250,6.26e-05,5.85e-05,1.07008547008547,0.0
two_level,rabi_narrow,16,1,16,1,250,6.41e-05,5.43e-05,1.1804788213627992,0.0
two_level,rabi_narrow,32,1,32,0,125,0.0001017,8.81e-05,1.1543700340522134,0.0
two_level,rabi_narrow,32,1,32,1,125,7.36e-05,6.66e-05,1.105105105105105,0.0
two_level,rabi_narrow,64,1,64,0,62,7.49e-05,6.7e-05,1.117910447761194,0.0
two_level,rabi_narrow,64,1,64,1,62,7.4e-05,6.6e-05,1.121212121212121,0.0
two_level,rabi_narrow,128,1,128,0,31,7.55e-05,6.81e-05,1.1086637298091042,0.0
two_level,rabi_narrow,128,1,128,1,31,8.38e-05,6.95e-05,1.2057553956834535,0.0
