system,kind,parameter_count,initial_count,independent_capped_parallel,independent_capped_serial,independent_rayon,independent_serial,shared_serial,shared_speedup_vs_serial,shared_speedup_vs_rayon,shared_speedup_vs_capped_serial,shared_speedup_vs_capped_parallel
q1_velocity_envelope,rabi_velocity_dynamic,4,1,0.0318829999305307,0.0674872000236064,0.0119831000920385,0.029009899822995,0.0667687999084591,0.4344828701843968,0.17947155121055772,1.0107595181601623,0.47751344900975773
q1_velocity_envelope,rabi_velocity_dynamic,4,4,0.0576189998537302,0.1543043998535722,0.0297147999517619,0.0582378997933119,0.2219847000669688,0.262350962817449,0.13385967565691453,0.6951127704162554,0.259562933104613
q1_velocity_envelope,rabi_velocity_dynamic,16,1,0.1201535000000149,0.2687516000587493,0.0569511998910456,0.1186309999320656,0.2967149000614881,0.39981477137643495,0.19193913038827382,0.9057570078316123,0.40494595982579756
q1_velocity_envelope,rabi_velocity_dynamic,16,4,0.2687711999751627,0.6208689999766648,0.0857337000779807,0.2413494000211358,0.9497456999961288,0.25412002394127137,0.09027016398003188,0.6537213066394462,0.28299280531226223
q1_velocity_envelope,rabi_velocity_dynamic,64,1,0.3906765999272465,1.0783180000726134,0.1300331999082118,0.3649293999187648,1.1916075001936406,0.30624966682356597,0.10912418719006127,0.9049271676264061,0.32785678158601733
q1_velocity_envelope,rabi_velocity_dynamic,64,4,0.9010125000495464,2.5118740999605507,0.2393839000724256,0.7079046999569982,3.833655799971893,0.18465525777306047,0.06244272114209645,0.6552163864004085,0.23502696826776998
q1_velocity_envelope,velocity_dynamic,1,1,,0.0169450000394135,0.0042065000161528,0.0037918998859822,0.0171900000423192,0.22058754372583544,0.24470622488638905,0.9857475274983973,
q1_velocity_envelope,velocity_dynamic,1,4,,0.0405542000662535,0.0043667000718414,0.0078849999699741,0.0558901000767946,0.14108044106451562,0.07813011724511908,0.7256061451049626,
q1_velocity_envelope,velocity_dynamic,1,8,,0.0844425000250339,0.0077527998946607,0.0164642999880015,0.1001653000712394,0.16437129401391284,0.07740005659791131,0.8430314686321195,
q1_velocity_envelope,velocity_dynamic,1,12,,0.1298917999956756,0.0099583000410348,0.0221579999197274,0.1437609000131487,0.15413092097851905,0.06926987825009437,0.9035266194340422,
q1_velocity_envelope,velocity_dynamic,4,1,,0.0664740998763591,0.0153724001720547,0.0306178999599069,0.0669410000555217,0.45738635417026985,0.22964102955295917,0.9930251986260238,
q1_velocity_envelope,velocity_dynamic,4,4,,0.1535937001463025,0.023395299911499,0.0662624998949468,0.2206954997964203,0.3002440011512259,0.10600714528877979,0.6959530225490977,
q1_velocity_envelope,velocity_dynamic,4,8,,0.3044797999318689,0.0462986000347882,0.1235296998638659,0.4058395000174641,0.3043806723065403,0.1140810592187204,0.7502468338315185,
q1_velocity_envelope,velocity_dynamic,4,12,,0.4448337000794709,0.072295700199902,0.1752575000282377,0.5899712999816984,0.29706106048493275,0.12254104598332953,0.753992101129784,
q1_velocity_envelope,velocity_dynamic,8,1,0.0611695998813957,0.1423533998895436,0.0189655001740902,0.0418637001421302,0.1336668001022189,0.3131944515026604,0.14188639332718916,1.0649869659532645,0.45762747245103136
q1_velocity_envelope,velocity_dynamic,8,4,0.1377744998317212,0.3197426499100402,0.033843199955299455,0.0927698999876156,0.47650545008946205,0.1946880145236501,0.07102374159402694,0.6710157246890036,0.28913520255823844
q1_velocity_envelope,velocity_dynamic,8,8,,0.616700500017032,0.0768560001160949,0.189225599868223,0.8674269998446107,0.21814584962437245,0.08860226869795701,0.7109537749315005,
q1_velocity_envelope,velocity_dynamic,8,12,,0.9751947000622748,0.0982971999328583,0.2535041000228375,1.1895369000267235,0.213111589911286,0.08263484716669993,0.8198103817043142,
q1_velocity_envelope,velocity_dynamic,16,1,,0.3652830999344587,0.0481130999978631,0.1024140999652445,0.2932312998455018,0.34926046441564945,0.16407900528767907,1.245716607084304,
q1_velocity_envelope,velocity_dynamic,16,4,,0.635133899981156,0.0822429999243468,0.2054158002138137,1.0115008000284431,0.20308021526828002,0.081307894093642,0.6279124049761465,
q1_velocity_envelope,velocity_dynamic,16,8,,1.2484273000154644,0.1854325998574495,0.4100131001323461,1.6780027002096176,0.24434591200665343,0.11050792697430409,0.7439960018297407,
q1_velocity_envelope,velocity_dynamic,16,12,,1.780500400112942,0.2382535000797361,0.5974024999886751,2.354661100078374,0.2537106082776799,0.10118377547911499,0.756159941680643,
q1_velocity_envelope,velocity_dynamic,32,1,0.2321488000452518,0.5849753000074998,0.06772205000743264,0.19763254991266876,0.6112741999095306,0.32331243481553557,0.11078833364381419,0.9569769182047547,0.37977850215109704
q1_velocity_envelope,velocity_dynamic,32,4,0.5115384999662638,1.3125956498552114,0.14516445004846895,0.4139630499994382,1.956670649931766,0.2115650122384542,0.07418951679657033,0.6708311641006036,0.2614331134287226
q1_velocity_envelope,velocity_dynamic,32,8,,2.541718899970874,0.3381581001449376,0.8134766998700798,3.628566200146452,0.22418681512197494,0.09319331148796162,0.7004747219075921,
q1_velocity_envelope,velocity_dynamic,32,12,,3.807374600088224,0.4501281999982893,1.3142155001405629,5.064763000002131,0.25948213176806295,0.08887448435358178,0.7517379589304815,
q1_velocity_envelope,velocity_dynamic,64,1,,1.0812437999993565,0.140331600094214,0.4020727998577058,1.1926359999924898,0.3371295180258165,0.11766507140074398,0.9066000020175186,
q1_velocity_envelope,velocity_dynamic,64,4,,2.646648900117725,0.3470463000703603,0.808085799915716,3.9715752999763936,0.20346732439405574,0.08738253057229535,0.6663977641651302,
q1_velocity_envelope,velocity_dynamic,64,8,,5.034050900023431,0.6743854999076575,1.636287100147456,6.913084000116214,0.23669423084110489,0.0975520476673393,0.7281917737349647,
q1_velocity_envelope,velocity_dynamic,64,12,,7.5009449000936,0.8580304000061005,2.3153515001758933,12.599387400085106,0.18376699014431871,0.06810096179757952,0.5953420322676111,
q1_velocity_envelope,velocity_dynamic,128,1,0.8704089000821114,2.278628849890083,0.33489990001544356,0.995531199965626,2.6216081999009475,0.37974064927140533,0.12774597669785176,0.8691721554640304,0.33201334208330524
q1_velocity_envelope,velocity_dynamic,128,4,1.902865800075233,5.623492450104095,0.6076792001258582,1.5999379500281066,7.95643805002328,0.2010872126407652,0.07637578478023595,0.7067851738112435,0.23916051229352125
q1_velocity_envelope,velocity_dynamic,128,8,,10.215335400076585,1.3850296998862175,3.209992100019008,13.59130319999531,0.23617986095844848,0.10190558473352986,0.7516082343067816,
q1_velocity_envelope,velocity_dynamic,128,12,,14.369505200069398,1.841030300129205,4.501154999947175,19.99785519996658,0.22508188777938035,0.0920613876698278,0.7185523175552052,
q1_velocity_envelope,velocity_straggler_dynamic,1,1,,0.0160980999935418,0.0107960000168532,0.010735800024122,0.0164023998659104,0.6545261737237936,0.6581963679163102,0.9814478445315166,
q1_velocity_envelope,velocity_straggler_dynamic,1,4,,0.0364632001146674,0.0205497001297771,0.021586500108242,0.0535370998550206,0.40320637775857526,0.38384036836933727,0.6810828418687299,
q1_velocity_envelope,velocity_straggler_dynamic,1,8,,0.0739565000403672,0.0208445000462234,0.0425074999220669,0.093164499849081,0.4562628468024369,0.22373865667705847,0.7938270495754369,
q1_velocity_envelope,velocity_straggler_dynamic,1,12,,0.1072187002282589,0.0271578000392764,0.0724588998127728,0.1449617999605834,0.4998482347244248,0.18734452832857268,0.7396341674662757,
q1_velocity_envelope,velocity_straggler_dynamic,4,1,,0.0728867000434547,0.0184156000614166,0.035637900000438,0.0849967000540345,0.4192856896536231,0.21666252983597423,0.8575238803049863,
q1_velocity_envelope,velocity_straggler_dynamic,4,4,,0.199544999981299,0.0307839000597596,0.0763964999932795,0.2830556998960674,0.26989917539668284,0.10875562679381781,0.7049672557541433,
q1_velocity_envelope,velocity_straggler_dynamic,4,8,,0.3079429999925196,0.0481493000406771,0.144214800093323,0.4062152002006769,0.3550206885957949,0.11853150747901743,0.7580784762372033,
q1_velocity_envelope,velocity_straggler_dynamic,4,12,,0.4403377999551594,0.0869453998748213,0.2028818000108003,0.6042706998996437,0.335746545454702,0.143884851423809,0.728709500606748,
q1_velocity_envelope,velocity_straggler_dynamic,8,1,,0.1301917999517172,0.0297145000658929,0.0653128998819738,0.1461658999323845,0.44684088362735197,0.20329297106670338,0.8907125397369919,
q1_velocity_envelope,velocity_straggler_dynamic,8,4,,0.3129654999356717,0.0631587000098079,0.1402536001987755,0.486240099882707,0.28844515339768995,0.12989200196578465,0.6436439528767097,
q1_velocity_envelope,velocity_straggler_dynamic,8,8,,0.6622311000246555,0.1127190999686718,0.2694654997903853,0.8937532000709325,0.301498780389261,0.12611882112391415,0.7409552211640726,
q1_velocity_envelope,velocity_straggler_dynamic,8,12,,0.8800695999525487,0.1553144000936299,0.4113291997928172,1.231746400007978,0.33393984329091847,0.12609283866599807,0.714489281192012,
q1_velocity_envelope,velocity_straggler_dynamic,16,1,,0.265174499945715,0.0495004002004861,0.133969800081104,0.286421800032258,0.4677360454616785,0.1728234380026631,0.9258181462299657,
q1_velocity_envelope,velocity_straggler_dynamic,16,4,,0.633426700020209,0.1095123998820781,0.2588299999479204,0.9749251999892294,0.2654870342368623,0.11232902778929907,0.6497182553361086,
q1_velocity_envelope,velocity_straggler_dynamic,16,8,,1.3789765001274643,0.2071943001355976,0.5318517000414431,1.7575766001828017,0.30260513253654286,0.117886355629705,0.7845897015151658,
q1_velocity_envelope,velocity_straggler_dynamic,16,12,,1.790337200043723,0.3186236000619828,0.802066900068894,2.3805108999367803,0.33693057237847335,0.13384673015798607,0.7520810764156842,
q1_velocity_envelope,velocity_straggler_dynamic,32,1,,0.6771356000099331,0.1053456999361515,0.25607919995673,0.6469582000281662,0.39582031720995464,0.16283231270824783,1.0466450536996874,
q1_velocity_envelope,velocity_straggler_dynamic,32,4,,1.2659597999881953,0.1928105999249965,0.5304880999028683,1.9406570000573995,0.2733548998546254,0.09935326022027266,0.6523356780465335,
q1_velocity_envelope,velocity_straggler_dynamic,32,8,,2.6507997000589967,0.4072146001271903,1.0497272999491545,3.4143247997853905,0.3074479908927047,0.11926650919466888,0.776375961720342,
q1_velocity_envelope,velocity_straggler_dynamic,32,12,,3.8480501000303775,0.6206752001307905,1.562823100015521,5.4293709001503885,0.2878460743899873,0.1143180695416477,0.708746956286186,
q1_velocity_envelope,velocity_straggler_dynamic,64,1,,1.0836783000268042,0.2198999999091029,0.5334383000154048,1.1969959998968989,0.44564752101205984,0.1837098870238861,0.905331596864271,
q1_velocity_envelope,velocity_straggler_dynamic,64,4,,2.503432699944824,0.4361384999938309,1.047919099917635,3.803548500174657,0.275510907740368,0.1146662123471815,0.6581834567982682,
q1_velocity_envelope,velocity_straggler_dynamic,64,8,,5.2465260999742895,0.8526214000303298,2.107029999839142,7.098228800110519,0.296838839543512,0.12011748621248368,0.739131725352753,
q1_velocity_envelope,velocity_straggler_dynamic,64,12,,7.431535999989137,1.272041799966246,3.106808499898761,9.256262100068852,0.3356439636552266,0.1374249979326735,0.8028657701831777,
q1_velocity_envelope,velocity_straggler_dynamic,128,1,,2.0971107999794185,0.2729585999622941,1.0009487001225352,2.2401382999960333,0.44682451084574004,0.1218489947530371,0.9361523795129667,
q1_velocity_envelope,velocity_straggler_dynamic,128,4,,4.8230067999102175,0.5678365000057966,2.046913400059566,7.375961999874562,0.2775113809011457,0.07698473772173085,0.6538817309514663,
q1_velocity_envelope,velocity_straggler_dynamic,128,8,,9.599071300122889,1.1385230000596491,4.043595100054517,13.10097789997235,0.3086483414389281,0.08690366541737712,0.7326988392326917,
q1_velocity_envelope,velocity_straggler_dynamic,128,12,,14.421218999894336,2.2198212000075728,6.089459799928591,20.0960065999534,0.30301840167303246,0.11046081165263551,0.7176161556360046,
r0,detuning,1,1,,,0.0626792000839486,0.05252435000147665,0.0657876998884603,0.7983916460148176,0.952749529018616,,
r0,detuning,1,4,,,0.08929954993072889,0.153946099919267,0.35779555002227426,0.43026275734755004,0.24958261757355457,,
r0,detuning,4,1,,,0.07950274983886624,0.13839420001022515,0.281827500090003,0.49105995676798136,0.2820972041886496,,
r0,detuning,4,4,,,0.18244020012207324,0.43563145003281534,1.5217159498715773,0.2862764565683758,0.11989110066006076,,
r0,detuning,8,1,,,0.1068088500760495,0.23008055007085199,0.587102200021036,0.39189182064486927,0.18192548089961597,,
r0,detuning,8,4,,,0.27338190004229546,0.7480442500673234,2.9171670998912305,0.2564283170803671,0.093714857833303,,
r0,detuning,16,1,,,0.19815035001374776,0.5689901500009,1.3434019999112934,0.42354421836387857,0.1474989243925734,,
r0,detuning,16,4,,,0.4896015500416979,1.3122637000633404,5.644240999943577,0.2324960433256586,0.08674355861958982,,
r0,detuning,32,1,,,0.33770744991488755,0.8388018000405282,2.2020077999914065,0.38092589864749876,0.15336342129042663,,
r0,detuning,32,4,,,0.9884040500037372,2.5792560999980196,11.63755794998724,0.22163207359159467,0.08493225591240308,,
r0,detuning,64,1,,,0.7423672501463443,1.8877484999829903,4.510315450141206,0.4185402375622951,0.1645931993787935,,
r0,detuning,64,4,,,2.136678349925205,5.253616449888796,28.42739550000988,0.18480822310601652,0.07516264899907776,,
r0,detuning,128,1,,,1.1958886000793427,3.402989999973215,9.977528799907304,0.3410654149156483,0.11985819575789679,,
r0,detuning,128,4,,,3.5632117999484763,10.191496199928224,66.60371330007911,0.15301693696882993,0.053498695844398876,,
r0,detuning_straggler,1,1,,,0.16491964994929725,0.16555750009138137,0.17747714999131853,0.9328383969399993,0.9292444123503474,,
r0,detuning_straggler,1,4,,,0.27412724995519966,0.4652731500100344,1.0709648500196636,0.4344429698150146,0.2559628823954087,,
r0,detuning_straggler,4,1,,,0.149945450015366,0.15672835009172556,0.7906285499921069,0.1982325961961407,0.1896534725654202,,
r0,detuning_straggler,4,4,,,0.2641616000328213,0.4879381500650197,4.2857888500439,0.11385025420933223,0.06163663429898452,,
r0,detuning_straggler,8,1,,,0.15300604992080474,0.16927455004770306,1.741037050029263,0.09722627674400033,0.08788213319080893,,
r0,detuning_straggler,8,4,,,0.24243655009195203,0.5197572000324726,8.725998949958012,0.05956420611705135,0.02778324309712627,,
r0,detuning_straggler,16,1,,,0.185569150140509,0.19273705000523475,3.410386750008911,0.05651471933637179,0.05441293429257668,,
r0,detuning_straggler,16,4,,,0.3034822500776499,0.5968133000424132,17.12560675002169,0.03484917695203163,0.017720963380013707,,
r0,detuning_straggler,32,1,,,0.18128660006914285,0.24172249995172018,6.114002350019291,0.03953588600615397,0.029651051748217083,,
r0,detuning_straggler,32,4,,,0.38763909996487195,0.7654264499433339,35.49750004999805,0.02156282692767757,0.010920180278016316,,
r0,detuning_straggler,64,1,,,0.217359600123018,0.3457051999866962,12.316854300210252,0.028067653603793534,0.017647330627212795,,
r0,detuning_straggler,64,4,,,0.6734584500081837,1.0322153500746936,84.89017459994648,0.012159420744969753,0.007933290904182076,,
r0,detuning_straggler,128,1,,,0.3232311001047492,0.5396452500717714,27.849444650113583,0.019377235591287473,0.011606375070155337,,
r0,detuning_straggler,128,4,,,0.9227728999685496,1.6589420000091195,,,,,
r0,doppler_equivalence,1,1,,,0.028357349918223848,0.027874700143001897,0.0302323999349027,0.9220141372508477,0.9379787902807496,,
r0,doppler_equivalence,1,4,,,0.054577850038185646,0.0928977000294253,0.19543575006537134,0.4753362677931337,0.27926236637836166,,
r0,doppler_equivalence,4,1,,,0.0448330999352037,0.06998709996696556,0.13484930002596224,0.5190023229893748,0.33246816947935276,,
r0,doppler_equivalence,4,4,,,0.0997423999942839,0.23032954998780036,0.6913297499995679,0.3331688676611188,0.144276157643073,,
r0,doppler_equivalence,8,1,,,0.05190614995080975,0.1313610000070184,0.3241585500072688,0.40523688177921824,0.16012580865026027,,
r0,doppler_equivalence,8,4,,,0.14549615001305935,0.35990779998246575,1.4282665000064299,0.2519892470913835,0.10186904895718295,,
r0,doppler_equivalence,16,1,,,0.09962804988026615,0.2627252000384033,0.6679150499403477,0.3933512204312024,0.14916275638520804,,
r0,doppler_equivalence,16,4,,,0.26664869999513025,0.6815935499034822,2.8181389999808744,0.24185945047710844,0.09461871823814932,,
r0,doppler_equivalence,32,1,,,0.15890129993204022,0.4216397500131279,1.1135957000078633,0.37862911109494285,0.14269209187043214,,
r0,doppler_equivalence,32,4,,,0.5123453499982134,1.3816251499811187,5.901305349892937,0.2341219557476694,0.08681898658362229,,
r0,doppler_equivalence,64,1,,,0.31210395006928593,0.8365066000260413,2.199744049925357,0.380274514234702,0.14188193852820122,,
r0,doppler_equivalence,64,4,,,0.9220245500328019,2.619354649912566,14.647132950020023,0.17883053692831985,0.0629491486954477,,
r0,doppler_equivalence,128,1,,,0.543851500027813,1.7431582000572234,4.834541149903089,0.3605633184220939,0.11249288881090914,,
r0,doppler_equivalence,128,4,,,1.5561335000675172,5.465677399886772,33.4878916000016,0.16321354193246704,0.04646854208245952,,
r0,rabi_broad,1,1,,,0.0023324498906731,0.00236919999588275,0.0023914999328553,0.9906753344768339,0.9753083655278643,,
r0,rabi_broad,1,4,,,0.00290274992585175,0.0033000500407069,0.00429025001358235,0.769197606260565,0.6765922537525871,,
r0,rabi_broad,4,1,,,0.016309399972669752,0.03433824994135645,0.06796805001795285,0.5052116388845416,0.23995686161897897,,
r0,rabi_broad,4,4,,,0.03393520007375625,0.0642895000055432,0.3018901499453932,0.21295660033019323,0.11240910006469092,,
r0,rabi_broad,8,1,,,0.02437324996571985,0.04598405014257875,0.12795494997408235,0.35937687562609305,0.19048305650275135,,
r0,rabi_broad,8,4,,,0.0642962501151487,0.1301236500730738,0.6306163999252021,0.2063435871450661,0.10195778308774545,,
r0,rabi_broad,16,1,,,0.041249600006267345,0.0930358000332489,0.24910774989984924,0.3734761366141873,0.1655893886193876,,
r0,rabi_broad,16,4,,,0.13427645002957428,0.2834524000063538,1.2657619500532746,0.22393815835151593,0.10608349383857109,,
r0,rabi_broad,32,1,,,0.08374839997850356,0.1870957999490201,0.48035349999554455,0.3894960689383037,0.17434743366974603,,
r0,rabi_broad,32,4,,,0.2653882500017062,0.5651058498769999,2.5900340999942273,0.21818471420058114,0.10246515673376566,,
r0,rabi_broad,64,1,,,0.1621942999772727,0.3450738999526948,1.0364262501243502,0.332945928290887,0.1564938170543371,,
r0,rabi_broad,64,4,,,0.5268545000581071,1.0781657000770792,6.860793400090188,0.15714883646881225,0.07679206606792464,,
r0,rabi_broad,128,1,,,0.3375696499133482,0.8061526000965387,2.0009722501272336,0.40288044976399784,0.16870281429034487,,
r0,rabi_broad,128,4,,,0.8863891998771578,2.232969749951735,14.831975650042295,0.15055106633386142,0.059762045245444435,,
r0,rabi_detuning,4,1,,,0.0640440001152455,0.2003421999979764,0.2747227000072598,0.7292524425272545,0.23312234523595277,,
r0,rabi_detuning,4,4,,,0.2739506000652909,0.6201645999681205,1.4662049999460578,0.42297264024535214,0.18684331323066666,,
r0,rabi_detuning,16,1,,,0.2127586000133305,0.7043743000831455,1.1241148000117391,0.6266035284614967,0.18926767978778383,,
r0,rabi_detuning,16,4,,,0.6273449000436813,1.650325300171971,5.670254900120199,0.29104957876531923,0.11063786568578826,,
r0,rabi_detuning,64,1,,,0.7381751001812518,1.860852099955082,4.212256900034845,0.441770799862584,0.1752445583684949,,
r0,rabi_detuning,64,4,,,2.1209116999525577,5.789278000127524,29.616709999972954,0.19547336622240657,0.07161199538890357,,
r0,rabi_doppler_equivalence,4,1,,,0.051224400056526,0.1074159001000225,0.1509370999410748,0.7116600235591992,0.3393758067203079,,
r0,rabi_doppler_equivalence,4,4,,,0.134915400063619,0.3301609000191092,0.7239234999287874,0.45607153249146803,0.18636692976107375,,
r0,rabi_doppler_equivalence,16,1,,,0.1295743000227958,0.3004293998237699,0.6352250999771059,0.47294951007854963,0.20398170668549745,,
r0,rabi_doppler_equivalence,16,4,,,0.4002169999293983,0.8629632000811398,3.1370093999430537,0.2750910469368709,0.12757915227689898,,
r0,rabi_doppler_equivalence,64,1,,,0.4371798001229763,0.9856765000149608,2.1876550000160933,0.4505630458219919,0.19983946285852214,,
r0,rabi_doppler_equivalence,64,4,,,1.065853500040248,3.0290828000288457,14.896555499872193,0.20334115494382807,0.07155033256173836,,
r0,rabi_narrow,1,1,,,0.0044172998750582,0.00413670006673775,0.00425995001569385,0.9710677476256666,1.03693702010227,,
r0,rabi_narrow,1,4,,,0.0055558499880135,0.0096247498877346,0.02014380006585265,0.477802095745096,0.2758094287001816,,
r0,rabi_narrow,4,1,,,0.0064629500266164,0.0131224499782547,0.02063559985253955,0.6359131826565132,0.31319419221152556,,
r0,rabi_narrow,4,4,,,0.01365604996681205,0.03749609994702035,0.09848939999938006,0.3807120354805326,0.13865502243792743,,
r0,rabi_narrow,8,1,,,0.00989610003307455,0.024600250064395347,0.043066750047728405,0.5712121308696919,0.2297851595977702,,
r0,rabi_narrow,8,4,,,0.04095359996426845,0.0807163501158356,0.19952559994999314,0.4045413226977663,0.205254864411046,,
r0,rabi_narrow,16,1,,,0.02224670001305635,0.0476459501078352,0.09068224998190995,0.5254164968043913,0.24532584951844827,,
r0,rabi_narrow,16,4,,,0.07465279998723415,0.15702854993287468,0.5000567499082536,0.3140214584878317,0.14928865573943528,,
r0,rabi_narrow,32,1,,,0.0464205498574301,0.1005048500373959,0.1674143499694764,0.6003359333039271,0.2772793960965333,,
r0,rabi_narrow,32,4,,,0.1336931999539956,0.29481679992750287,0.8128908498911187,0.36267698174606294,0.1644663609781103,,
r0,rabi_narrow,64,1,,,0.09140440006740386,0.20714655006304378,0.32458735001273453,0.6381842978628612,0.2816018555985555,,
r0,rabi_narrow,64,4,,,0.2681375499814749,0.595981499995105,2.0068135500187054,0.29697900933026383,0.13361358357330982,,
r0,rabi_narrow,128,1,,,0.1759484499925747,0.3896872499026358,0.8630175001453608,0.45154037993088153,0.20387587732918408,,
r0,rabi_narrow,128,4,,,0.5421850500861183,1.2068226000992581,4.961848599952646,0.24322035946658582,0.10927077663983797,,
r0,rabi_straggler,1,1,,,0.03037970012519505,0.030555050005204948,0.02977909997571255,1.026056866397079,1.0201685124793007,,
r0,rabi_straggler,1,4,,,0.04510985000524665,0.08256510004866865,0.19403815001714975,0.425509622934311,0.23247928307531115,,
r0,rabi_straggler,4,1,,,0.0306148000527173,0.03706670005340125,0.1404747500782832,0.2638673500593158,0.21793809944959083,,
r0,rabi_straggler,4,4,,,0.060406049946322996,0.1166818998754024,0.8398156499024481,0.1389375154999267,0.07192774980239972,,
r0,rabi_straggler,8,1,,,0.039507200010120855,0.055837600026279646,0.331968350103125,0.16820157707484423,0.11900893563452077,,
r0,rabi_straggler,8,4,,,0.0844910000450909,0.16163625009357924,1.6477622499223799,0.09809440051269128,0.05127620811137709,,
r0,rabi_straggler,16,1,,,0.0446171502117067,0.07088564999867225,0.6336034501437098,0.11187699496048267,0.07041809857819892,,
r0,rabi_straggler,16,4,,,0.11298335005994885,0.24035084992647165,3.1584534000139683,0.07609764004287943,0.03577173247496676,,
r0,rabi_straggler,32,1,,,0.07209234999027095,0.12058654997963456,1.2427591000450775,0.09703131522051267,0.05800991518602117,,
r0,rabi_straggler,32,4,,,0.17717585002537814,0.39022565004415805,6.629119299934246,0.058865383528099835,0.02672690624637507,,
r0,rabi_straggler,64,1,,,0.1146100999321788,0.2209099000319838,2.2197909001261,0.09951833752423912,0.051631034222938806,,
r0,rabi_straggler,64,4,,,0.3257595499744639,0.7337174499407411,16.676898450008593,0.043996037521015365,0.019533581196226328,,
r0,rabi_straggler,128,1,,,0.16638609999790785,0.3998289000010118,4.945558900013566,0.08084604957387426,0.03364353824548555,,
r0,rabi_straggler,128,4,,,0.5358185499208048,1.2897796999895945,37.81542759994045,0.03410723564029263,0.01416931088521259,,
r2_compact,detuning,4,1,,,3.2992360999342054,6.196341899922118,10.158898400142789,0.6099423043580222,0.32476317509857494,,
r2_compact,rabi_broad,4,1,,,1.6132251000963151,3.356431799940765,5.003633400192484,0.6707989038149051,0.3224107305771554,,
r2_compact,rabi_detuning,4,1,,,3.61654349998571,7.741090700030327,10.401428799843416,0.7442333980257464,0.3476967991205356,,
r2_compact,rabi_narrow,1,1,,,1.109239799901843,1.0997405999805778,1.1678639999590814,0.9416683792112006,0.9498022029454694,,
r2_compact,rabi_narrow,4,1,,,1.791157300118357,4.545438700122759,4.915360999992117,0.9247415805532998,0.36439994948920934,,
r2_compact,rabi_narrow,4,4,,,5.972765899961814,17.90626239986159,26.423553500091657,0.6776629191754802,0.22603946512875706,,
r2_compact,rabi_narrow,16,1,,,6.432283099973574,18.710637100040916,21.31534900004044,0.8778011141175974,0.3017676651675452,,
r2_full,rabi_narrow,1,1,,,12.097485600039365,11.697615900076926,12.798794199945403,0.9139623403059973,0.9452051037816492,,
r2_full,rabi_narrow,4,1,,,16.554142399923876,44.63209969992749,45.4249144999776,0.9825466969222253,0.36442869694189606,,
