system,kind,parameter_count,initial_count,independent_capped_parallel,independent_capped_serial,independent_rayon,independent_serial,shared_serial
q1_velocity_envelope,rabi_velocity_dynamic,4,1,6615.0,6615.0,3095.0,3095.0,1658.0
q1_velocity_envelope,rabi_velocity_dynamic,4,4,15262.0,15262.0,6246.0,6246.0,1658.0
q1_velocity_envelope,rabi_velocity_dynamic,16,1,26465.0,26465.0,12882.0,12882.0,1658.0
q1_velocity_envelope,rabi_velocity_dynamic,16,4,61058.0,61058.0,25988.0,25988.0,1658.0
q1_velocity_envelope,rabi_velocity_dynamic,64,1,105868.0,105868.0,36828.0,36828.0,1667.0
q1_velocity_envelope,rabi_velocity_dynamic,64,4,244248.0,244248.0,74552.0,74552.0,1667.0
q1_velocity_envelope,velocity_dynamic,1,1,,1652.0,414.0,414.0,1652.0
q1_velocity_envelope,velocity_dynamic,1,4,,3812.0,842.0,842.0,1652.0
q1_velocity_envelope,velocity_dynamic,1,8,,7596.0,1674.0,1674.0,1652.0
q1_velocity_envelope,velocity_dynamic,1,12,,10642.0,2294.0,2294.0,1652.0
q1_velocity_envelope,velocity_dynamic,4,1,,6617.0,3232.0,3232.0,1655.0
q1_velocity_envelope,velocity_dynamic,4,4,,15266.0,6520.0,6520.0,1655.0
q1_velocity_envelope,velocity_dynamic,4,8,,30440.0,12998.0,12998.0,1655.0
q1_velocity_envelope,velocity_dynamic,4,12,,43318.0,18932.0,18932.0,1655.0
q1_velocity_envelope,velocity_dynamic,8,1,13234.0,13234.0,4458.0,4458.0,1659.0
q1_velocity_envelope,velocity_dynamic,8,4,30532.0,30532.0,9028.0,9028.0,1659.0
q1_velocity_envelope,velocity_dynamic,8,8,,60882.0,18002.0,18002.0,1658.0
q1_velocity_envelope,velocity_dynamic,8,12,,86664.0,26288.0,26288.0,1658.0
q1_velocity_envelope,velocity_dynamic,16,1,,26469.0,10921.0,10921.0,1659.0
q1_velocity_envelope,velocity_dynamic,16,4,,61066.0,22066.0,22066.0,1659.0
q1_velocity_envelope,velocity_dynamic,16,8,,121762.0,43988.0,43988.0,1658.0
q1_velocity_envelope,velocity_dynamic,16,12,,173342.0,62448.0,62448.0,1658.0
q1_velocity_envelope,velocity_dynamic,32,1,52937.0,52937.0,20846.0,20846.0,1662.0
q1_velocity_envelope,velocity_dynamic,32,4,122130.0,122130.0,42140.0,42140.0,1662.0
q1_velocity_envelope,velocity_dynamic,32,8,,243524.0,84122.0,84122.0,1661.0
q1_velocity_envelope,velocity_dynamic,32,12,,346716.0,123340.0,123340.0,1661.0
q1_velocity_envelope,velocity_dynamic,64,1,,105872.0,41658.0,41658.0,1662.0
q1_velocity_envelope,velocity_dynamic,64,4,,244256.0,84212.0,84212.0,1662.0
q1_velocity_envelope,velocity_dynamic,64,8,,487048.0,166042.0,166042.0,1662.0
q1_velocity_envelope,velocity_dynamic,64,12,,693444.0,242532.0,242532.0,1662.0
q1_velocity_envelope,velocity_dynamic,128,1,211745.0,211745.0,82303.0,82303.0,1663.0
q1_velocity_envelope,velocity_dynamic,128,4,488514.0,488514.0,166398.0,166398.0,1663.0
q1_velocity_envelope,velocity_dynamic,128,8,,974090.0,331710.0,331710.0,1662.0
q1_velocity_envelope,velocity_dynamic,128,12,,1386890.0,485150.0,485150.0,1662.0
q1_velocity_envelope,velocity_straggler_dynamic,1,1,,1656.0,1135.0,1135.0,1656.0
q1_velocity_envelope,velocity_straggler_dynamic,1,4,,3820.0,2284.0,2284.0,1656.0
q1_velocity_envelope,velocity_straggler_dynamic,1,8,,7622.0,4560.0,4560.0,1656.0
q1_velocity_envelope,velocity_straggler_dynamic,1,12,,10990.0,6742.0,6742.0,1656.0
q1_velocity_envelope,velocity_straggler_dynamic,4,1,,6618.0,3655.0,3655.0,1655.0
q1_velocity_envelope,velocity_straggler_dynamic,4,4,,15268.0,7366.0,7366.0,1655.0
q1_velocity_envelope,velocity_straggler_dynamic,4,8,,30452.0,14694.0,14694.0,1655.0
q1_velocity_envelope,velocity_straggler_dynamic,4,12,,43528.0,21634.0,21634.0,1655.0
q1_velocity_envelope,velocity_straggler_dynamic,8,1,,13234.0,7015.0,7015.0,1655.0
q1_velocity_envelope,velocity_straggler_dynamic,8,4,,30532.0,14142.0,14142.0,1655.0
q1_velocity_envelope,velocity_straggler_dynamic,8,8,,60892.0,28206.0,28206.0,1655.0
q1_velocity_envelope,velocity_straggler_dynamic,8,12,,86912.0,41490.0,41490.0,1655.0
q1_velocity_envelope,velocity_straggler_dynamic,16,1,,26466.0,13735.0,13735.0,1655.0
q1_velocity_envelope,velocity_straggler_dynamic,16,4,,61060.0,27694.0,27694.0,1655.0
q1_velocity_envelope,velocity_straggler_dynamic,16,8,,121772.0,55230.0,55230.0,1655.0
q1_velocity_envelope,velocity_straggler_dynamic,16,12,,173680.0,81202.0,81202.0,1655.0
q1_velocity_envelope,velocity_straggler_dynamic,32,1,,52930.0,27175.0,27175.0,1655.0
q1_velocity_envelope,velocity_straggler_dynamic,32,4,,122116.0,54798.0,54798.0,1655.0
q1_velocity_envelope,velocity_straggler_dynamic,32,8,,243532.0,109278.0,109278.0,1655.0
q1_velocity_envelope,velocity_straggler_dynamic,32,12,,347216.0,160626.0,160626.0,1655.0
q1_velocity_envelope,velocity_straggler_dynamic,64,1,,105858.0,54055.0,54055.0,1655.0
q1_velocity_envelope,velocity_straggler_dynamic,64,4,,244228.0,109006.0,109006.0,1655.0
q1_velocity_envelope,velocity_straggler_dynamic,64,8,,487052.0,217374.0,217374.0,1655.0
q1_velocity_envelope,velocity_straggler_dynamic,64,12,,694288.0,319474.0,319474.0,1655.0
q1_velocity_envelope,velocity_straggler_dynamic,128,1,,211714.0,107815.0,107815.0,1655.0
q1_velocity_envelope,velocity_straggler_dynamic,128,4,,488452.0,217422.0,217422.0,1655.0
q1_velocity_envelope,velocity_straggler_dynamic,128,8,,974092.0,433566.0,433566.0,1655.0
q1_velocity_envelope,velocity_straggler_dynamic,128,12,,1388432.0,637170.0,637170.0,1655.0
r0,detuning,1,1,,,1235.0,1235.0,1235.0
r0,detuning,1,4,,,3723.0,3723.0,1247.0
r0,detuning,4,1,,,3288.0,3288.0,1235.0
r0,detuning,4,4,,,9922.0,9922.0,1247.0
r0,detuning,8,1,,,5640.0,5640.0,1235.0
r0,detuning,8,4,,,17028.0,17028.0,1247.0
r0,detuning,16,1,,,10548.0,10548.0,1238.0
r0,detuning,16,4,,,31851.0,31851.0,1249.0
r0,detuning,32,1,,,20431.0,20431.0,1245.0
r0,detuning,32,4,,,61705.0,61705.0,1258.0
r0,detuning,64,1,,,40242.0,40242.0,1255.0
r0,detuning,64,4,,,121523.0,121523.0,1268.0
r0,detuning,128,1,,,79863.0,79863.0,1263.0
r0,detuning,128,4,,,241176.0,241176.0,1276.0
r0,detuning_straggler,1,1,,,3843.0,3843.0,3843.0
r0,detuning_straggler,1,4,,,11566.0,11566.0,3874.0
r0,detuning_straggler,4,1,,,4065.0,4065.0,3843.0
r0,detuning_straggler,4,4,,,12253.0,12253.0,3874.0
r0,detuning_straggler,8,1,,,4361.0,4361.0,3843.0
r0,detuning_straggler,8,4,,,13169.0,13169.0,3874.0
r0,detuning_straggler,16,1,,,4953.0,4953.0,3843.0
r0,detuning_straggler,16,4,,,15001.0,15001.0,3874.0
r0,detuning_straggler,32,1,,,6137.0,6137.0,3843.0
r0,detuning_straggler,32,4,,,18665.0,18665.0,3874.0
r0,detuning_straggler,64,1,,,8505.0,8505.0,3843.0
r0,detuning_straggler,64,4,,,25993.0,25993.0,3874.0
r0,detuning_straggler,128,1,,,13241.0,13241.0,3843.0
r0,detuning_straggler,128,4,,,40649.0,40649.0,
r0,doppler_equivalence,1,1,,,629.0,629.0,629.0
r0,doppler_equivalence,1,4,,,1900.0,1900.0,635.0
r0,doppler_equivalence,4,1,,,1688.0,1688.0,629.0
r0,doppler_equivalence,4,4,,,5108.0,5108.0,635.0
r0,doppler_equivalence,8,1,,,2928.0,2928.0,629.0
r0,doppler_equivalence,8,4,,,8868.0,8868.0,635.0
r0,doppler_equivalence,16,1,,,5498.0,5498.0,631.0
r0,doppler_equivalence,16,4,,,16654.0,16654.0,638.0
r0,doppler_equivalence,32,1,,,10680.0,10680.0,637.0
r0,doppler_equivalence,32,4,,,32355.0,32355.0,644.0
r0,doppler_equivalence,64,1,,,21039.0,21039.0,644.0
r0,doppler_equivalence,64,4,,,63742.0,63742.0,651.0
r0,doppler_equivalence,128,1,,,41758.0,41758.0,649.0
r0,doppler_equivalence,128,4,,,126545.0,126545.0,656.0
r0,rabi_broad,1,1,,,6.0,6.0,6.0
r0,rabi_broad,1,4,,,24.0,24.0,6.0
r0,rabi_broad,4,1,,,541.0,541.0,266.0
r0,rabi_broad,4,4,,,1670.0,1670.0,280.0
r0,rabi_broad,8,1,,,1100.0,1100.0,266.0
r0,rabi_broad,8,4,,,3389.0,3389.0,280.0
r0,rabi_broad,16,1,,,2217.0,2217.0,267.0
r0,rabi_broad,16,4,,,6830.0,6830.0,282.0
r0,rabi_broad,32,1,,,4455.0,4455.0,269.0
r0,rabi_broad,32,4,,,13725.0,13725.0,285.0
r0,rabi_broad,64,1,,,8931.0,8931.0,270.0
r0,rabi_broad,64,4,,,27509.0,27509.0,286.0
r0,rabi_broad,128,1,,,17880.0,17880.0,270.0
r0,rabi_broad,128,4,,,55078.0,55078.0,286.0
r0,rabi_detuning,4,1,,,4902.0,4902.0,1268.0
r0,rabi_detuning,4,4,,,14778.0,14778.0,1280.0
r0,rabi_detuning,16,1,,,13106.0,13106.0,1266.0
r0,rabi_detuning,16,4,,,39542.0,39542.0,1278.0
r0,rabi_detuning,64,1,,,45014.0,45014.0,1266.0
r0,rabi_detuning,64,4,,,135887.0,135887.0,1277.0
r0,rabi_doppler_equivalence,4,1,,,2498.0,2498.0,648.0
r0,rabi_doppler_equivalence,4,4,,,7544.0,7544.0,657.0
r0,rabi_doppler_equivalence,16,1,,,6740.0,6740.0,649.0
r0,rabi_doppler_equivalence,16,4,,,20390.0,20390.0,658.0
r0,rabi_doppler_equivalence,64,1,,,23394.0,23394.0,648.0
r0,rabi_doppler_equivalence,64,4,,,70845.0,70845.0,658.0
r0,rabi_narrow,1,1,,,66.0,66.0,66.0
r0,rabi_narrow,1,4,,,204.0,204.0,67.0
r0,rabi_narrow,4,1,,,297.0,297.0,84.0
r0,rabi_narrow,4,4,,,921.0,921.0,87.0
r0,rabi_narrow,8,1,,,594.0,594.0,84.0
r0,rabi_narrow,8,4,,,1841.0,1841.0,87.0
r0,rabi_narrow,16,1,,,1187.0,1187.0,84.0
r0,rabi_narrow,16,4,,,3679.0,3679.0,87.0
r0,rabi_narrow,32,1,,,2373.0,2373.0,84.0
r0,rabi_narrow,32,4,,,7356.0,7356.0,87.0
r0,rabi_narrow,64,1,,,4753.0,4753.0,84.0
r0,rabi_narrow,64,4,,,14730.0,14730.0,87.0
r0,rabi_narrow,128,1,,,9503.0,9503.0,84.0
r0,rabi_narrow,128,4,,,29450.0,29450.0,87.0
r0,rabi_straggler,1,1,,,686.0,686.0,686.0
r0,rabi_straggler,1,4,,,2103.0,2103.0,728.0
r0,rabi_straggler,4,1,,,908.0,908.0,686.0
r0,rabi_straggler,4,4,,,2790.0,2790.0,728.0
r0,rabi_straggler,8,1,,,1204.0,1204.0,686.0
r0,rabi_straggler,8,4,,,3706.0,3706.0,728.0
r0,rabi_straggler,16,1,,,1796.0,1796.0,686.0
r0,rabi_straggler,16,4,,,5538.0,5538.0,728.0
r0,rabi_straggler,32,1,,,2980.0,2980.0,686.0
r0,rabi_straggler,32,4,,,9202.0,9202.0,728.0
r0,rabi_straggler,64,1,,,5348.0,5348.0,686.0
r0,rabi_straggler,64,4,,,16530.0,16530.0,728.0
r0,rabi_straggler,128,1,,,10084.0,10084.0,686.0
r0,rabi_straggler,128,4,,,31186.0,31186.0,728.0
r2_compact,detuning,4,1,,,157027.0,157027.0,55123.0
r2_compact,rabi_broad,4,1,,,85723.0,85723.0,28613.0
r2_compact,rabi_detuning,4,1,,,193606.0,193606.0,55226.0
r2_compact,rabi_narrow,1,1,,,28506.0,28506.0,28506.0
r2_compact,rabi_narrow,4,1,,,114068.0,114068.0,28527.0
r2_compact,rabi_narrow,4,4,,,456325.0,456325.0,28579.0
r2_compact,rabi_narrow,16,1,,,456271.0,456271.0,28527.0
r2_full,rabi_narrow,1,1,,,28453.0,28453.0,28453.0
r2_full,rabi_narrow,4,1,,,113836.0,113836.0,28465.0
