point,velocity,maximum_step,production,shared,independent_capped,shared_steps,single_steps
0,128.79999999999998,,1.8663910736050635e-05,1.8663911087990114e-05,1.8663910736050635e-05,1138,414
1,144.57142857142856,,0.3448605313634338,0.34486053137473077,0.3448605313634338,1138,549
2,160.34285714285716,,0.34422849977633,0.3442284997763629,0.34422849977633,1138,672
3,176.1142857142857,,0.32638340735853494,0.3263834073586186,0.32638340735853494,1138,761
4,191.8857142857143,,0.31101279657255626,0.311012796572679,0.31101279657255626,1138,913
5,207.65714285714284,,-1.739559989773185e-38,0.2975272649360254,-1.739559989773185e-38,1138,7
6,223.42857142857144,,-1.606433159884152e-45,0.28550079121225597,-1.606433159884152e-45,1138,7
7,239.20000000000002,,0.2746256750224181,0.2746256750224617,0.2746256750224181,1138,1135
0,128.79999999999998,2e-07,1.8663910736050635e-05,1.8663911102119044e-05,1.8663911439185278e-05,1659,1652
1,144.57142857142856,2e-07,0.3448605313634338,0.3448605313742694,0.34486053138140255,1659,1653
2,160.34285714285716,2e-07,0.34422849977633,0.344228499776363,0.3442284997763277,1659,1654
3,176.1142857142857,2e-07,0.32638340735853494,0.3263834073586174,0.32638340735855526,1659,1654
4,191.8857142857143,2e-07,0.31101279657255626,0.31101279657268077,0.31101279657255676,1659,1654
5,207.65714285714284,2e-07,-1.739559989773185e-38,0.29752726493601556,0.29752726493593346,1659,1655
6,223.42857142857144,2e-07,-1.606433159884152e-45,0.28550079121222605,0.2855007912121403,1659,1656
7,239.20000000000002,2e-07,0.2746256750224181,0.2746256750224544,0.27462567502241864,1659,1656
0,128.79999999999998,5e-08,1.8663910736050635e-05,1.8663911083913416e-05,1.866391107511375e-05,1794,1787
1,144.57142857142856,5e-08,0.3448605313634338,0.3448605313737406,0.3448605313677212,1794,1788
2,160.34285714285716,5e-08,0.34422849977633,0.344228499776364,0.3442284997763335,1794,1789
3,176.1142857142857,5e-08,0.32638340735853494,0.32638340735862037,0.32638340735854376,1794,1789
4,191.8857142857143,5e-08,0.31101279657255626,0.31101279657267583,0.3110127965725572,1794,1789
5,207.65714285714284,5e-08,-1.739559989773185e-38,0.2975272649360545,0.29752726493593207,1794,1790
6,223.42857142857144,5e-08,-1.606433159884152e-45,0.28550079121227123,0.2855007912121534,1794,1790
7,239.20000000000002,5e-08,0.2746256750224181,0.27462567502252994,0.2746256750224621,1794,1791
0,128.79999999999998,1e-08,1.8663910736050635e-05,1.86639111796889e-05,1.86639111796889e-05,5002,5002
1,144.57142857142856,1e-08,0.3448605313634338,0.34486053138258604,0.34486053138258604,5002,5002
2,160.34285714285716,1e-08,0.34422849977633,0.34422849977560943,0.34422849977560943,5002,5002
3,176.1142857142857,1e-08,0.32638340735853494,0.3263834073575212,0.3263834073575212,5002,5002
4,191.8857142857143,1e-08,0.31101279657255626,0.3110127965711389,0.3110127965711389,5002,5002
5,207.65714285714284,1e-08,-1.739559989773185e-38,0.29752726493397774,0.29752726493397774,5002,5002
6,223.42857142857144,1e-08,-1.606433159884152e-45,0.2855007912096787,0.2855007912096787,5002,5002
7,239.20000000000002,1e-08,0.2746256750224181,0.27462567501931795,0.27462567501931795,5002,5002
